frame,t_ms,frametime_ms,terrain,trees,dwarves,dirty_tiles,mark
# run: build=21c65a0 assets=disk:D:\Workspace\frostvein\assets subdiv=4 vsync=on terrain=1888 trees=259 dwarves=5
0,0.000,0.000,1888,259,5,0,0
1,21.729,21.729,1888,259,5,0,0
2,262.406,240.677,1888,259,5,0,0
3,278.490,16.085,1888,259,5,0,0
4,282.114,3.623,1888,259,5,0,0
5,286.181,4.067,1888,259,5,0,0
6,289.396,3.216,1888,259,5,0,0
7,292.959,3.563,1888,259,5,0,0
8,296.102,3.143,1888,259,5,0,0
9,298.570,2.467,1888,259,5,0,0
10,304.525,5.955,1888,259,5,0,0
11,311.357,6.833,1888,259,5,0,0
12,318.516,7.158,1888,259,5,0,0
13,325.332,6.817,1888,259,5,0,0
14,332.409,7.077,1888,259,5,0,0
15,339.237,6.828,1888,259,5,0,0
16,346.125,6.888,1888,259,5,0,0
17,353.218,7.093,1888,259,5,0,0
18,360.672,7.454,1888,259,5,0,0
19,367.306,6.635,1888,259,5,0,0
20,374.430,7.124,1888,259,5,0,0
21,381.171,6.740,1888,259,5,0,0
22,387.613,6.442,1888,259,5,0,0
23,396.153,8.540,1888,259,5,0,0
24,402.025,5.872,1888,259,5,0,0
25,408.867,6.842,1888,259,5,0,0
26,415.676,6.809,1888,259,5,0,0
27,422.812,7.136,1888,259,5,0,0
28,430.411,7.599,1888,259,5,0,0
29,437.327,6.917,1888,259,5,0,0
30,444.383,7.056,1888,259,5,0,0
31,450.994,6.610,1888,259,5,0,0
32,458.274,7.281,1888,259,5,0,0
33,465.564,7.290,1888,259,5,0,0
34,472.845,7.281,1888,259,5,0,0
35,485.809,12.964,1888,259,5,0,0
36,490.326,4.517,1888,259,5,0,0
37,494.297,3.971,1888,259,5,0,0
38,500.068,5.771,1888,259,5,0,0
39,506.844,6.776,1888,259,5,0,0
40,514.636,7.792,1888,259,5,0,0
41,522.546,7.910,1888,259,5,0,0
42,529.621,7.075,1888,259,5,0,0
43,536.630,7.010,1888,259,5,0,0
44,543.628,6.998,1888,259,5,0,0
45,550.965,7.336,1888,259,5,0,0
46,557.211,6.247,1888,259,5,0,0
47,563.735,6.523,1888,259,5,0,0
48,573.849,10.114,1888,259,5,0,0
49,577.536,3.687,1888,259,5,0,0
50,583.952,6.416,1888,259,5,0,0
51,591.167,7.215,1888,259,5,0,0
52,601.364,10.197,1888,259,5,0,0
53,605.267,3.903,1888,259,5,0,0
54,611.743,6.476,1888,259,5,0,0
55,618.823,7.080,1888,259,5,0,0
56,625.592,6.769,1888,259,5,0,0
57,632.953,7.361,1888,259,5,0,0
58,640.297,7.345,1888,259,5,0,0
59,646.606,6.309,1888,259,5,0,0
60,653.222,6.616,1888,259,5,0,0
61,660.132,6.909,1888,259,5,0,0
62,667.226,7.094,1888,259,5,0,0
63,677.870,10.643,1888,259,5,0,0
64,684.753,6.884,1888,259,5,0,0
65,688.575,3.822,1888,259,5,0,0
66,695.487,6.912,1888,259,5,0,0
67,702.287,6.801,1888,259,5,0,0
68,709.032,6.745,1888,259,5,0,0
69,718.265,9.233,1888,259,5,0,0
70,723.249,4.984,1888,259,5,0,0
71,729.678,6.429,1888,259,5,0,0
72,736.249,6.571,1888,259,5,0,0
73,743.172,6.923,1888,259,5,0,0
74,750.397,7.224,1888,259,5,0,0
75,759.637,9.240,1888,259,5,0,0
76,763.501,3.864,1888,259,5,0,0
77,770.270,6.770,1888,259,5,0,0
78,777.574,7.303,1888,259,5,0,0
79,784.208,6.634,1888,259,5,0,0
80,790.909,6.701,1888,259,5,0,0
81,798.339,7.430,1888,259,5,0,0
82,804.685,6.346,1888,259,5,0,0
83,811.669,6.984,1888,259,5,0,0
84,819.231,7.562,1888,259,5,0,0
85,826.792,7.560,1888,259,5,0,0
86,836.251,9.460,1888,259,5,0,0
87,842.908,6.657,1888,259,5,0,0
88,846.873,3.966,1888,259,5,0,0
89,853.873,6.999,1888,259,5,0,0
90,860.666,6.793,1888,259,5,0,0
91,867.395,6.729,1888,259,5,0,0
92,874.694,7.299,1888,259,5,0,0
93,882.006,7.313,1888,259,5,0,0
94,888.215,6.209,1888,259,5,0,0
95,895.506,7.291,1888,259,5,0,0
96,902.399,6.892,1888,259,5,0,0
97,909.240,6.841,1888,259,5,0,0
98,990.991,81.751,1888,259,5,0,0
99,992.235,1.244,1888,259,5,0,0
100,1008.895,16.660,1888,259,5,0,0
101,1014.064,5.169,1888,259,5,0,0
102,1018.177,4.113,1888,259,5,0,0
103,1030.265,12.089,1888,259,5,0,0
104,1035.495,5.229,1888,259,5,0,0
105,1048.124,12.629,1888,259,5,0,0
106,1067.707,19.584,1888,259,5,0,0
107,1086.635,18.927,1888,259,5,0,0
108,1103.940,17.306,1888,259,5,0,0
109,1121.586,17.646,1888,259,5,0,0
110,1140.409,18.823,1888,259,5,0,0
111,1159.291,18.882,1888,259,5,0,0
112,1178.558,19.266,1888,259,5,0,0
113,1196.630,18.072,1888,259,5,0,0
114,1215.653,19.024,1888,259,5,0,0
115,1233.819,18.166,1888,259,5,0,0
116,1252.459,18.640,1888,259,5,0,0
117,1270.394,17.935,1888,259,5,0,0
118,1289.257,18.863,1888,259,5,0,0
119,1306.066,16.810,1888,259,5,0,0
120,1322.350,16.284,1888,259,5,0,0
121,1352.141,29.791,1888,259,5,0,0
122,1355.793,3.652,1888,259,5,0,0
123,1372.060,16.268,1888,259,5,0,0
124,1388.342,16.282,1888,259,5,0,0
125,1406.336,17.994,1888,259,5,0,0
126,1423.157,16.821,1888,259,5,0,0
127,1439.235,16.078,1888,259,5,0,0
128,1457.417,18.183,1888,259,5,0,0
129,1474.507,17.090,1888,259,5,0,0
130,1490.570,16.064,1888,259,5,0,0
131,1507.781,17.210,1888,259,5,0,0
132,1537.277,29.496,1888,259,5,0,0
133,1541.290,4.013,1888,259,5,0,0
134,1558.800,17.510,1888,259,5,0,0
135,1588.558,29.758,1888,259,5,0,0
136,1593.006,4.449,1888,259,5,0,0
137,1622.096,29.090,1888,259,5,0,0
138,1639.408,17.311,1888,259,5,0,0
139,1643.425,4.018,1888,259,5,0,0
140,1660.039,16.614,1888,259,5,0,0
141,1679.370,19.331,1888,259,5,0,0
142,1694.926,15.556,1888,259,5,0,0
143,1713.519,18.592,1888,259,5,0,0
144,1730.182,16.664,1888,259,5,0,0
145,1748.205,18.023,1888,259,5,0,0
146,1765.466,17.261,1888,259,5,0,0
147,1782.777,17.312,1888,259,5,0,0
148,1800.226,17.449,1888,259,5,0,0
149,1817.486,17.260,1888,259,5,0,0
150,1836.160,18.674,1888,259,5,0,0
151,1853.455,17.295,1888,259,5,0,0
152,1872.543,19.088,1888,259,5,0,0
153,1888.560,16.017,1888,259,5,0,0
154,1906.323,17.763,1888,259,5,0,0
155,1924.319,17.995,1888,259,5,0,0
156,1941.646,17.327,1888,259,5,0,0
157,1959.479,17.833,1888,259,5,0,0
158,1977.187,17.708,1888,259,5,0,0
159,1993.734,16.546,1888,259,5,0,0
160,2011.435,17.701,1888,259,5,0,0
161,2028.689,17.254,1888,259,5,0,0
162,2045.305,16.616,1888,259,5,0,0
163,2063.911,18.606,1888,259,5,0,0
164,2080.925,17.014,1888,259,5,0,0
165,2098.724,17.799,1888,259,5,0,0
166,2115.611,16.887,1888,259,5,0,0
167,2133.559,17.948,1888,259,5,0,0
168,2150.645,17.086,1888,259,5,0,0
169,2167.441,16.796,1888,259,5,0,0
170,2184.628,17.187,1888,259,5,0,0
171,2201.417,16.789,1888,259,5,0,0
172,2231.040,29.623,1888,259,5,0,0
173,2235.096,4.056,1888,259,5,0,0
174,2267.061,31.965,1888,259,5,0,0
175,2271.383,4.322,1888,259,5,0,0
176,2287.617,16.234,1888,259,5,0,0
177,2304.115,16.499,1888,259,5,0,0
178,2322.372,18.257,1888,259,5,0,0
179,2339.419,17.047,1888,259,5,0,0
180,2356.425,17.005,1888,259,5,0,0
181,2372.991,16.567,1888,259,5,0,0
182,2390.411,17.420,1888,259,5,0,0
183,2406.626,16.215,1888,259,5,0,0
184,2436.895,30.268,1888,259,5,0,0
185,2453.533,16.638,1888,259,5,0,0
186,2457.775,4.243,1888,259,5,0,0
187,2475.588,17.812,1888,259,5,0,0
188,2492.266,16.679,1888,259,5,0,0
189,2508.430,16.163,1888,259,5,0,0
190,2526.020,17.590,1888,259,5,0,0
191,2542.322,16.302,1888,259,5,0,0
192,2558.341,16.019,1888,259,5,0,0
193,2575.825,17.484,1888,259,5,0,0
194,2593.039,17.214,1888,259,5,0,0
195,2609.930,16.891,1888,259,5,0,0
196,2627.593,17.663,1888,259,5,0,0
197,2644.405,16.811,1888,259,5,0,0
198,2661.949,17.544,1888,259,5,0,0
199,2680.306,18.358,1888,259,5,0,0
200,2697.160,16.854,1888,259,5,0,0
201,2714.387,17.227,1888,259,5,0,0
202,2732.893,18.505,1888,259,5,0,0
203,2763.902,31.009,1888,259,5,0,0
204,2769.036,5.134,1888,259,5,0,0
205,2784.863,15.827,1888,259,5,0,0
206,2803.403,18.540,1888,259,5,0,0
207,2821.371,17.968,1888,259,5,0,0
208,2838.390,17.020,1888,259,5,0,0
209,2854.441,16.050,1888,259,5,0,0
210,2873.059,18.619,1888,259,5,0,0
211,2892.113,19.054,1888,259,5,0,0
212,2906.939,14.826,1888,259,5,0,0
213,2925.531,18.592,1888,259,5,0,0
214,2942.803,17.272,1888,259,5,0,0
215,2959.182,16.378,1888,259,5,0,0
216,2977.094,17.912,1888,259,5,0,0
217,2993.698,16.604,1888,259,5,0,0
218,3011.260,17.562,1888,259,5,0,0
219,3041.148,29.887,1888,259,5,0,0
220,3045.838,4.691,1888,259,5,0,0
221,3064.181,18.343,1888,259,5,0,0
222,3093.471,29.290,1888,259,5,0,0
223,3098.444,4.973,1888,259,5,0,0
224,3115.702,17.258,1888,259,5,0,0
225,3132.249,16.547,1888,259,5,0,0
226,3161.974,29.725,1888,259,5,0,0
227,3166.522,4.548,1888,259,5,0,0
228,3183.805,17.284,1888,259,5,0,0
229,3202.332,18.527,1888,259,5,0,0
230,3218.507,16.175,1888,259,5,0,0
231,3235.981,17.474,1888,259,5,0,0
232,3253.022,17.041,1888,259,5,0,0
233,3269.322,16.300,1888,259,5,0,0
234,3286.133,16.811,1888,259,5,0,0
235,3303.940,17.807,1888,259,5,0,0
236,3320.223,16.284,1888,259,5,0,0
237,3350.053,29.830,1888,259,5,0,0
238,3354.763,4.711,1888,259,5,0,0
239,3372.245,17.482,1888,259,5,0,0
240,3388.904,16.659,1888,259,5,0,0
241,3407.481,18.577,1888,259,5,0,0
242,3423.782,16.300,1888,259,5,0,0
243,3440.344,16.562,1888,259,5,0,0
244,3457.216,16.872,1888,259,5,0,0
245,3475.247,18.031,1888,259,5,0,0
246,3492.752,17.505,1888,259,5,0,0
247,3508.779,16.027,1888,259,5,0,0
248,3526.418,17.639,1888,259,5,0,0
249,3542.701,16.284,1888,259,5,0,0
250,3560.496,17.794,1888,259,5,0,0
251,3577.170,16.674,1888,259,5,0,0
252,3594.137,16.967,1888,259,5,0,0
253,3612.694,18.557,1888,259,5,0,0
254,3628.985,16.291,1888,259,5,0,0
255,3646.183,17.198,1888,259,5,0,0
256,3664.384,18.201,1888,259,5,0,0
257,3682.014,17.630,1888,259,5,0,0
258,3697.986,15.972,1888,259,5,0,0
259,3715.779,17.794,1888,259,5,0,0
260,3732.519,16.740,1888,259,5,0,0
261,3751.048,18.529,1888,259,5,0,0
262,3768.254,17.206,1888,259,5,0,0
263,3784.859,16.605,1888,259,5,0,0
264,3802.788,17.928,1888,259,5,0,0
265,3820.132,17.344,1888,259,5,0,0
266,3837.633,17.501,1888,259,5,0,0
267,3855.863,18.230,1888,259,5,0,0
268,3873.565,17.703,1888,259,5,0,0
269,3890.185,16.620,1888,259,5,0,0
270,3907.401,17.216,1888,259,5,0,0
271,3923.846,16.444,1888,259,5,0,0
272,3941.602,17.756,1888,259,5,0,0
273,3960.058,18.456,1888,259,5,0,0
274,3977.028,16.970,1888,259,5,0,0
275,3993.708,16.680,1888,259,5,0,0
276,4011.281,17.573,1888,259,5,0,0
277,4040.535,29.255,1888,259,5,0,0
278,4045.927,5.391,1888,259,5,0,0
279,4062.635,16.708,1888,259,5,0,0
280,4080.434,17.799,1888,259,5,0,0
281,4097.070,16.636,1888,259,5,0,0
282,4114.849,17.778,1888,259,5,0,0
283,4131.947,17.098,1888,259,5,0,0
284,4149.840,17.893,1888,259,5,0,0
285,4166.591,16.752,1888,259,5,0,0
286,4184.107,17.515,1888,259,5,0,0
287,4201.220,17.114,1888,259,5,0,0
288,4218.280,17.060,1888,259,5,0,0
289,4235.909,17.628,1888,259,5,0,0
290,4253.226,17.317,1888,259,5,0,0
291,4269.378,16.152,1888,259,5,0,0
292,4286.069,16.692,1888,259,5,0,0
293,4303.439,17.370,1888,259,5,0,0
294,4332.490,29.051,1888,259,5,0,0
295,4337.897,5.407,1888,259,5,0,0
296,4355.259,17.362,1888,259,5,0,0
297,4372.490,17.231,1888,259,5,0,0
298,4388.516,16.026,1888,259,5,0,0
299,4405.715,17.198,1888,259,5,0,0
300,4423.149,17.434,1888,259,5,0,0
301,4439.921,16.772,1888,259,5,0,0
302,4457.365,17.445,1888,259,5,0,0
303,4485.801,28.435,1888,259,5,0,0
304,4504.125,18.324,1888,259,5,0,0
305,4509.921,5.797,1888,259,5,0,0
306,4525.943,16.021,1888,259,5,0,0
307,4543.448,17.505,1888,259,5,0,0
308,4560.877,17.429,1888,259,5,0,0
309,4581.134,20.257,1888,259,5,0,0
310,4596.119,14.985,1888,259,5,0,0
311,4612.783,16.664,1888,259,5,0,0
312,4641.435,28.652,1888,259,5,0,0
313,4647.524,6.089,1888,259,5,0,0
314,4664.692,17.168,1888,259,5,0,0
315,4683.044,18.353,1888,259,5,0,0
316,4699.461,16.416,1888,259,5,0,0
317,4717.952,18.491,1888,259,5,0,0
318,4735.423,17.471,1888,259,5,0,0
319,4752.154,16.731,1888,259,5,0,0
320,4768.890,16.736,1888,259,5,0,0
321,4786.343,17.453,1888,259,5,0,0
322,4803.602,17.260,1888,259,5,0,0
323,4820.606,17.004,1888,259,5,0,0
324,4850.539,29.932,1888,259,5,0,0
325,4856.856,6.317,1888,259,5,0,0
326,4874.226,17.370,1888,259,5,0,0
327,4890.659,16.433,1888,259,5,0,0
328,4920.194,29.535,1888,259,5,0,0
329,4925.793,5.599,1888,259,5,0,0
330,4944.607,18.814,1888,259,5,0,0
331,4961.993,17.386,1888,259,5,0,0
332,4979.585,17.592,1888,259,5,0,0
333,4998.105,18.520,1888,259,5,0,0
334,5014.273,16.168,1888,259,5,0,0
335,5032.750,18.477,1888,259,5,0,0
336,5050.319,17.569,1888,259,5,0,0
337,5069.455,19.136,1888,259,5,0,0
338,5087.494,18.039,1888,259,5,0,0
339,5108.107,20.613,1888,259,5,0,0
340,5124.426,16.320,1888,259,5,0,0
341,5141.998,17.572,1888,259,5,0,0
342,5170.339,28.340,1888,259,5,0,0
343,5176.719,6.380,1888,259,5,0,0
344,5195.464,18.745,1888,259,5,0,0
345,5212.173,16.709,1888,259,5,0,0
346,5229.708,17.535,1888,259,5,0,0
347,5246.453,16.745,1888,259,5,0,0
348,5264.869,18.416,1888,259,5,0,0
349,5282.128,17.259,1888,259,5,0,0
350,5311.605,29.477,1888,259,5,0,0
351,5317.717,6.112,1888,259,5,0,0
352,5346.561,28.844,1888,259,5,0,0
353,5352.811,6.250,1888,259,5,0,0
354,5369.750,16.939,1888,259,5,0,0
355,5387.227,17.478,1888,259,5,0,0
356,5404.503,17.276,1888,259,5,0,0
357,5421.659,17.156,1888,259,5,0,0
358,5438.186,16.527,1888,259,5,0,0
359,5464.536,26.350,1888,259,5,0,0
360,5471.107,6.571,1888,259,5,0,0
361,5488.065,16.958,1888,259,5,0,0
362,5505.456,17.390,1888,259,5,0,0
363,5523.187,17.732,1888,259,5,0,1
364,5539.575,16.387,1888,259,5,0,0
365,5565.439,25.864,1888,259,5,0,0
366,5572.822,7.383,1888,259,5,0,0
367,5599.489,26.667,1888,259,5,0,0
368,5606.320,6.831,1888,259,5,0,0
369,5622.903,16.583,1888,259,5,0,0
370,5640.723,17.821,1888,259,5,0,0
371,5655.462,14.739,1888,259,5,0,0
372,5671.262,15.800,1888,259,5,0,0
373,5688.689,17.427,1888,259,5,0,0
374,5704.869,16.180,1888,259,5,0,0
375,5720.692,15.823,1888,259,5,0,0
376,5737.736,17.044,1888,259,5,0,0
377,5754.222,16.486,1888,259,5,0,0
378,5770.687,16.465,1888,259,5,0,0
379,5787.044,16.357,1888,259,5,0,0
380,5803.290,16.246,1888,259,5,0,0
381,5819.299,16.009,1888,259,5,0,0
382,5837.918,18.618,1888,259,5,0,0
383,5853.206,15.288,1888,259,5,0,0
384,5868.571,15.365,1888,259,5,0,0
385,5885.877,17.306,1888,259,5,0,0
386,5901.084,15.208,1888,259,5,0,0
387,5917.298,16.214,1888,259,5,0,0
388,5932.668,15.369,1888,259,5,0,0
389,5949.815,17.147,1888,259,5,0,0
390,5965.762,15.947,1888,259,5,0,0
391,5980.988,15.227,1888,259,5,0,0
392,5997.575,16.587,1888,259,5,0,0
393,6014.708,17.132,1888,259,5,0,0
394,6029.946,15.238,1888,259,5,0,0
395,6046.572,16.626,1888,259,5,0,0
396,6064.106,17.533,1888,259,5,0,0
397,6080.123,16.017,1888,259,5,0,0
398,6097.298,17.176,1888,259,5,0,0
399,6113.873,16.575,1888,259,5,0,0
400,6129.227,15.354,1888,259,5,0,0
401,6145.796,16.569,1888,259,5,0,0
402,6161.748,15.952,1888,259,5,0,0
403,6177.373,15.625,1888,259,5,0,0
404,6193.219,15.846,1888,259,5,0,0
405,6208.097,14.878,1888,259,5,0,0
406,6223.599,15.503,1888,259,5,0,0
407,6239.739,16.140,1888,259,5,0,0
408,6256.479,16.740,1888,259,5,0,0
409,6271.123,14.644,1888,259,5,0,0
410,6286.249,15.126,1888,259,5,0,0
411,6303.717,17.468,1888,259,5,0,0
412,6319.449,15.731,1888,259,5,0,0
413,6334.270,14.821,1888,259,5,0,0
414,6349.290,15.020,1888,259,5,0,0
415,6364.661,15.371,1888,259,5,0,0
416,6381.391,16.730,1888,259,5,0,0
417,6396.153,14.762,1888,259,5,0,0
418,6421.583,25.430,1888,259,5,0,0
419,6427.705,6.122,1888,259,5,0,0
420,6443.704,15.999,1888,259,5,0,0
421,6459.375,15.671,1888,259,5,0,0
422,6474.980,15.605,1888,259,5,0,0
423,6490.149,15.169,1888,259,5,0,0
424,6506.028,15.879,1888,259,5,0,0
425,6521.470,15.441,1888,259,5,0,0
426,6538.003,16.533,1888,259,5,0,0
427,6553.694,15.691,1888,259,5,0,0
428,6569.804,16.110,1888,259,5,0,0
429,6585.136,15.332,1888,259,5,0,0
430,6601.657,16.521,1888,259,5,0,0
431,6616.536,14.879,1888,259,5,0,0
432,6632.475,15.939,1888,259,5,0,0
433,6648.526,16.051,1888,259,5,0,0
434,6664.600,16.073,1888,259,5,0,0
435,6681.125,16.525,1888,259,5,0,0
436,6695.303,14.179,1888,259,5,0,0
437,6711.574,16.271,1888,259,5,0,0
438,6727.541,15.967,1888,259,5,0,0
439,6743.557,16.016,1888,259,5,0,0
440,6776.606,33.049,1888,259,5,0,0
441,6781.740,5.135,1888,259,5,0,0
442,6790.325,8.585,1888,259,5,0,0
443,6806.231,15.906,1888,259,5,0,0
444,6832.174,25.942,1888,259,5,0,0
445,6838.493,6.319,1888,259,5,0,0
446,6854.717,16.224,1888,259,5,0,0
447,6880.934,26.217,1888,259,5,0,0
448,6887.627,6.693,1888,259,5,0,0
449,6902.872,15.245,1888,259,5,0,0
450,6916.969,14.097,1888,259,5,0,0
451,6933.090,16.120,1888,259,5,0,0
452,6948.765,15.676,1888,259,5,0,0
453,6964.696,15.930,1888,259,5,0,0
454,6979.358,14.662,1888,259,5,0,0
455,6995.181,15.823,1888,259,5,0,0
456,7012.090,16.909,1888,259,5,0,0
457,7026.536,14.446,1888,259,5,0,0
458,7042.563,16.026,1888,259,5,0,0
459,7058.651,16.088,1888,259,5,0,0
460,7074.934,16.283,1888,259,5,0,0
461,7090.276,15.343,1888,259,5,0,0
462,7105.581,15.305,1888,259,5,0,0
463,7122.318,16.737,1888,259,5,0,0
464,7137.179,14.861,1888,259,5,0,0
465,7154.438,17.259,1888,259,5,0,0
466,7171.188,16.749,1888,259,5,0,0
467,7185.791,14.604,1888,259,5,0,0
468,7201.584,15.793,1888,259,5,0,0
469,7216.515,14.930,1888,259,5,0,0
470,7232.467,15.953,1888,259,5,0,0
471,7247.844,15.377,1888,259,5,0,0
472,7267.166,19.322,1888,259,5,0,0
473,7279.953,12.788,1888,259,5,0,0
474,7295.858,15.905,1888,259,5,0,0
475,7311.849,15.991,1888,259,5,0,0
476,7326.914,15.065,1888,259,5,0,0
477,7342.242,15.327,1888,259,5,0,0
478,7358.708,16.466,1888,259,5,0,0
479,7373.114,14.406,1888,259,5,0,0
480,7388.884,15.770,1888,259,5,0,0
481,7405.454,16.570,1888,259,5,0,0
482,7419.518,14.064,1888,259,5,0,0
483,7436.918,17.401,1888,259,5,0,0
484,7451.520,14.601,1888,259,5,0,0
485,7466.794,15.274,1888,259,5,0,0
486,7484.831,18.037,1888,259,5,0,0
487,7497.790,12.959,1888,259,5,0,0
488,7514.581,16.791,1888,259,5,0,0
489,7521.903,7.322,1888,259,5,0,0
490,7528.860,6.956,1888,259,5,0,0
491,7536.241,7.381,1888,259,5,0,0
492,7542.507,6.266,1888,259,5,0,0
493,7550.091,7.585,1888,259,5,0,0
494,7557.793,7.702,1888,259,5,0,0
495,7564.368,6.575,1888,259,5,0,0
496,7571.811,7.442,1888,259,5,0,0
497,7577.853,6.042,1888,259,5,0,0
498,7585.788,7.935,1888,259,5,0,0
499,7596.413,10.624,1888,259,5,0,0
500,7609.517,13.105,1888,259,5,0,0
501,7622.684,13.167,1888,259,5,0,0
502,7635.756,13.071,1888,259,5,0,0
503,7649.548,13.793,1888,259,5,0,0
504,7663.450,13.902,1888,259,5,0,0
505,7677.548,14.098,1888,259,5,0,0
506,7691.326,13.778,1888,259,5,0,0
507,7705.422,14.096,1888,259,5,0,0
508,7719.475,14.053,1888,259,5,0,0
509,7733.306,13.830,1888,259,5,0,0
510,7748.109,14.804,1888,259,5,0,0
511,7761.186,13.076,1888,259,5,0,0
512,7774.364,13.179,1888,259,5,0,0
513,7788.458,14.094,1888,259,5,0,0
514,7810.730,22.272,1888,259,5,0,0
515,7817.724,6.994,1888,259,5,0,0
516,7831.433,13.709,1888,259,5,0,0
517,7845.072,13.639,1888,259,5,0,0
518,7858.836,13.764,1888,259,5,0,0
519,7873.301,14.465,1888,259,5,0,0
520,7888.312,15.012,1888,259,5,0,0
521,7908.547,20.235,1888,259,5,0,0
522,7915.252,6.705,1888,259,5,0,0
523,7928.584,13.332,1888,259,5,0,0
524,7942.443,13.859,1888,259,5,0,0
525,7964.578,22.135,1888,259,5,0,0
526,7971.409,6.832,1888,259,5,0,0
527,7986.644,15.235,1888,259,5,0,0
528,7999.040,12.396,1888,259,5,0,0
529,8013.018,13.977,1888,259,5,0,0
530,8027.392,14.374,1888,259,5,0,0
531,8041.332,13.941,1888,259,5,0,0
532,8055.200,13.867,1888,259,5,0,0
533,8070.175,14.975,1888,259,5,0,0
534,8084.085,13.910,1888,259,5,0,0
535,8096.849,12.764,1888,259,5,0,0
536,8110.815,13.966,1888,259,5,0,0
537,8124.642,13.827,1888,259,5,0,0
538,8146.119,21.477,1888,259,5,0,0
539,8152.688,6.569,1888,259,5,0,0
540,8167.021,14.332,1888,259,5,0,0
541,8181.243,14.222,1888,259,5,0,0
542,8194.324,13.082,1888,259,5,0,0
543,8208.682,14.358,1888,259,5,0,0
544,8229.272,20.589,1888,259,5,0,0
545,8237.995,8.723,1888,259,5,0,0
546,8257.364,19.369,1888,259,5,0,0
547,8264.497,7.133,1888,259,5,0,0
548,8278.396,13.898,1888,259,5,0,0
549,8293.455,15.060,1888,259,5,0,0
550,8306.483,13.028,1888,259,5,0,0
551,8320.558,14.075,1888,259,5,0,0
552,8341.550,20.991,1888,259,5,0,0
553,8348.772,7.222,1888,259,5,0,0
554,8370.311,21.539,1888,259,5,0,0
555,8377.887,7.576,1888,259,5,0,0
556,8390.684,12.797,1888,259,5,0,0
557,8403.461,12.777,1888,259,5,0,0
558,8425.743,22.281,1888,259,5,0,0
559,8432.594,6.851,1888,259,5,0,0
560,8445.864,13.270,1888,259,5,0,0
561,8460.165,14.301,1888,259,5,0,0
562,8474.308,14.143,1888,259,5,0,0
563,8495.465,21.157,1888,259,5,0,0
564,8502.358,6.893,1888,259,5,0,0
565,8516.362,14.004,1888,259,5,0,0
566,8530.592,14.230,1888,259,5,0,0
567,8543.765,13.173,1888,259,5,0,0
568,8557.980,14.215,1888,259,5,0,0
569,8572.436,14.456,1888,259,5,0,0
570,8586.187,13.751,1888,259,5,0,0
571,8598.404,12.217,1888,259,5,0,0
572,8611.613,13.209,1888,259,5,0,0
573,8625.842,14.229,1888,259,5,0,0
574,8639.703,13.861,1888,259,5,0,0
575,8653.542,13.839,1888,259,5,0,0
576,8667.898,14.356,1888,259,5,0,0
577,8687.606,19.708,1888,259,5,0,0
578,8701.111,13.505,1888,259,5,0,0
579,8708.598,7.487,1888,259,5,0,0
580,8722.239,13.641,1888,259,5,0,0
581,8735.232,12.992,1888,259,5,0,0
582,8755.953,20.721,1888,259,5,0,0
583,8763.360,7.407,1888,259,5,0,0
584,8775.703,12.343,1888,259,5,0,0
585,8789.123,13.420,1888,259,5,0,0
586,8804.567,15.444,1888,259,5,0,0
587,8816.948,12.381,1888,259,5,0,0
588,8830.908,13.960,1888,259,5,0,0
589,8846.770,15.862,1888,259,5,0,0
590,8858.963,12.193,1888,259,5,0,0
591,8871.502,12.540,1888,259,5,0,0
592,8886.225,14.723,1888,259,5,0,0
593,8899.192,12.967,1888,259,5,0,0
594,8913.324,14.132,1888,259,5,0,0
595,8926.941,13.617,1888,259,5,0,0
596,8941.745,14.804,1888,259,5,0,0
597,8962.058,20.313,1888,259,5,0,0
598,8969.344,7.286,1888,259,5,0,0
599,8981.903,12.559,1888,259,5,0,0
600,8996.059,14.156,1888,259,5,0,0
601,9010.573,14.514,1888,259,5,0,0
602,9023.602,13.029,1888,259,5,0,0
603,9038.111,14.509,1888,259,5,0,0
604,9051.433,13.322,1888,259,5,0,0
605,9064.868,13.435,1888,259,5,0,0
606,9078.913,14.045,1888,259,5,0,0
607,9092.767,13.854,1888,259,5,0,0
608,9106.425,13.658,1888,259,5,0,0
609,9120.601,14.176,1888,259,5,0,0
610,9134.470,13.869,1888,259,5,0,0
611,9147.539,13.069,1888,259,5,0,0
612,9161.562,14.023,1888,259,5,0,0
613,9174.053,12.491,1888,259,5,0,0
614,9188.488,14.435,1888,259,5,0,0
615,9209.164,20.676,1888,259,5,0,0
616,9217.934,8.770,1888,259,5,0,0
617,9231.528,13.594,1888,259,5,0,0
618,9244.758,13.230,1888,259,5,0,0
619,9257.752,12.994,1888,259,5,0,0
620,9271.477,13.725,1888,259,5,0,0
621,9285.221,13.744,1888,259,5,0,0
622,9300.074,14.853,1888,259,5,0,0
623,9314.778,14.705,1888,259,5,0,0
624,9327.139,12.361,1888,259,5,0,0
625,9342.848,15.709,1888,259,5,0,0
626,9354.534,11.686,1888,259,5,0,0
627,9367.689,13.155,1888,259,5,0,0
628,9387.609,19.919,1888,259,5,0,0
629,9395.990,8.382,1888,259,5,0,0
630,9409.957,13.966,1888,259,5,0,0
631,9421.887,11.930,1888,259,5,0,0
632,9435.041,13.154,1888,259,5,0,0
633,9449.311,14.270,1888,259,5,0,0
634,9463.729,14.419,1888,259,5,0,0
635,9477.033,13.303,1888,259,5,0,0
636,9491.852,14.819,1888,259,5,0,0
637,9505.915,14.063,1888,259,5,0,0
638,9519.363,13.449,1888,259,5,0,0
639,9532.213,12.850,1888,259,5,0,0
640,9546.064,13.851,1888,259,5,0,0
641,9560.154,14.090,1888,259,5,0,0
642,9574.404,14.250,1888,259,5,0,0
643,9592.415,18.011,1888,259,5,0,0
644,9600.068,7.653,1888,259,5,0,0
645,9614.434,14.366,1888,259,5,0,0
646,9628.055,13.621,1888,259,5,0,0
647,9641.114,13.059,1888,259,5,0,0
648,9655.640,14.527,1888,259,5,0,0
649,9668.136,12.496,1888,259,5,0,0
650,9682.716,14.580,1888,259,5,0,0
651,9696.017,13.301,1888,259,5,0,0
652,9708.704,12.687,1888,259,5,0,0
653,9722.578,13.874,1888,259,5,0,0
654,9735.558,12.980,1888,259,5,0,0
655,9750.206,14.648,1888,259,5,0,0
656,9763.800,13.594,1888,259,5,0,0
657,9777.346,13.546,1888,259,5,0,0
658,9790.583,13.236,1888,259,5,0,0
659,9804.441,13.858,1888,259,5,0,0
660,9817.917,13.476,1888,259,5,0,0
661,9830.557,12.640,1888,259,5,0,0
662,9845.204,14.647,1888,259,5,0,0
663,9858.643,13.439,1888,259,5,0,0
664,9872.795,14.152,1888,259,5,0,0
665,9885.948,13.152,1888,259,5,0,0
666,9900.774,14.826,1888,259,5,0,0
667,9914.193,13.419,1888,259,5,0,0
668,9927.278,13.085,1888,259,5,0,0
669,9941.308,14.030,1888,259,5,0,0
670,9954.486,13.179,1888,259,5,0,0
671,9968.626,14.139,1888,259,5,0,0
672,9981.607,12.981,1888,259,5,0,0
673,9995.460,13.853,1888,259,5,0,0
674,10008.385,12.925,1888,259,5,0,0
675,10022.179,13.794,1888,259,5,0,0
676,10034.814,12.635,1888,259,5,0,0
677,10049.107,14.293,1888,259,5,0,0
678,10063.580,14.473,1888,259,5,0,0
679,10076.567,12.986,1888,259,5,0,0
680,10090.238,13.671,1888,259,5,0,0
681,10103.123,12.885,1888,259,5,0,0
682,10122.738,19.615,1888,259,5,0,0
683,10131.010,8.272,1888,259,5,0,0
684,10143.566,12.556,1888,259,5,0,0
685,10157.343,13.777,1888,259,5,0,0
686,10171.926,14.583,1888,259,5,0,0
687,10184.077,12.151,1888,259,5,0,0
688,10197.877,13.800,1888,259,5,0,0
689,10210.803,12.926,1888,259,5,0,0
690,10225.218,14.415,1888,259,5,0,0
691,10238.672,13.454,1888,259,5,0,0
692,10250.835,12.163,1888,259,5,0,0
693,10265.057,14.222,1888,259,5,0,0
694,10284.760,19.703,1888,259,5,0,0
695,10292.549,7.788,1888,259,5,0,0
696,10306.553,14.004,1888,259,5,0,0
697,10320.685,14.132,1888,259,5,0,0
698,10333.151,12.466,1888,259,5,0,0
699,10347.208,14.057,1888,259,5,0,0
700,10360.854,13.646,1888,259,5,0,0
701,10374.271,13.417,1888,259,5,0,0
702,10388.012,13.741,1888,259,5,0,0
703,10402.004,13.992,1888,259,5,0,0
704,10415.458,13.453,1888,259,5,0,0
705,10428.727,13.269,1888,259,5,0,0
706,10443.269,14.543,1888,259,5,0,0
707,10456.098,12.829,1888,259,5,0,0
708,10471.140,15.042,1888,259,5,0,0
709,10484.320,13.180,1888,259,5,0,0
710,10497.178,12.858,1888,259,5,0,0
711,10511.055,13.877,1888,259,5,0,0
712,10524.791,13.736,1888,259,5,0,0
713,10538.424,13.633,1888,259,5,0,0
714,10551.104,12.680,1888,259,5,0,0
715,10564.874,13.770,1888,259,5,0,0
716,10578.085,13.211,1888,259,5,0,0
717,10592.208,14.123,1888,259,5,0,0
718,10605.468,13.260,1888,259,5,0,0
719,10621.040,15.572,1888,259,5,0,0
720,10632.477,11.437,1888,259,5,0,0
721,10650.943,18.467,1888,259,5,0,0
722,10665.268,14.325,1888,259,5,0,0
723,10675.569,10.301,1888,259,5,0,0
724,10689.233,13.664,1888,259,5,0,0
725,10700.779,11.545,1888,259,5,0,0
726,10714.151,13.372,1888,259,5,0,0
727,10727.017,12.866,1888,259,5,0,0
728,10744.459,17.442,1888,259,5,0,0
729,10753.597,9.138,1888,259,5,0,0
730,10767.153,13.556,1888,259,5,0,0
731,10780.121,12.968,1888,259,5,0,0
732,10793.629,13.508,1888,259,5,0,0
733,10808.105,14.475,1888,259,5,0,0
734,10820.002,11.897,1888,259,5,0,0
735,10836.374,16.372,1888,259,5,0,0
736,10849.400,13.027,1888,259,5,0,0
737,10862.847,13.447,1888,259,5,0,0
738,10877.351,14.504,1888,259,5,0,0
739,10889.297,11.947,1888,259,5,0,0
740,10906.465,17.168,1888,259,5,0,0
741,10916.167,9.702,1888,259,5,0,0
742,10930.496,14.329,1888,259,5,0,0
743,10942.660,12.164,1888,259,5,0,0
744,10956.573,13.912,1888,259,5,0,0
745,10969.496,12.923,1888,259,5,0,0
746,10983.188,13.692,1888,259,5,0,0
747,10996.295,13.107,1888,259,5,0,0
748,11011.540,15.245,1888,259,5,0,0
749,11028.196,16.656,1888,259,5,0,0
750,11038.298,10.102,1888,259,5,0,0
751,11049.661,11.363,1888,259,5,0,0
752,11063.691,14.030,1888,259,5,0,0
753,11079.069,15.378,1888,259,5,0,0
754,11090.144,11.075,1888,259,5,0,0
755,11104.999,14.855,1888,259,5,0,0
756,11117.968,12.969,1888,259,5,0,0
757,11130.272,12.304,1888,259,5,0,0
758,11143.455,13.183,1888,259,5,0,0
759,11156.425,12.970,1888,259,5,0,0
760,11170.901,14.476,1888,259,5,0,0
761,11183.653,12.753,1888,259,5,0,0
762,11203.499,19.845,1888,259,5,0,0
763,11216.895,13.396,1888,259,5,0,0
764,11230.448,13.553,1888,259,5,0,0
765,11244.535,14.086,1888,259,5,0,0
766,11257.216,12.681,1888,259,5,0,0
767,11266.831,9.615,1888,259,5,0,0
768,11281.446,14.615,1888,259,5,0,0
769,11300.010,18.565,1888,259,5,0,0
770,11316.419,16.409,1888,259,5,0,0
771,11329.586,13.166,1888,259,5,0,0
772,11340.868,11.283,1888,259,5,0,0
773,11355.697,14.829,1888,259,5,0,0
774,11367.576,11.879,1888,259,5,0,0
775,11380.013,12.438,1888,259,5,0,0
776,11388.199,8.186,1888,259,5,0,0
777,11401.692,13.492,1888,259,5,0,0
778,11421.200,19.508,1888,259,5,0,0
779,11433.637,12.437,1888,259,5,0,0
780,11448.740,15.104,1888,259,5,0,0
781,11462.501,13.761,1888,259,5,0,1
782,11476.032,13.531,1888,259,5,0,0
783,11487.834,11.802,1888,259,5,0,0
784,11497.819,9.985,1888,259,5,0,0
785,11511.834,14.015,1888,259,5,0,0
786,11526.041,14.206,1888,259,5,0,0
787,11544.543,18.502,1888,259,5,0,0
788,11556.503,11.960,1888,259,5,0,0
789,11570.001,13.498,1888,259,5,0,0
790,11584.435,14.434,1888,259,5,0,0
791,11598.231,13.796,1888,259,5,0,0
792,11611.823,13.592,1888,259,5,0,0
793,11621.308,9.485,1888,259,5,0,0
794,11632.587,11.279,1888,259,5,0,0
795,11647.289,14.703,1888,259,5,0,0
796,11666.503,19.214,1888,259,5,0,0
797,11679.756,13.253,1888,259,5,0,0
798,11692.527,12.771,1888,259,5,0,0
799,11705.816,13.289,1888,259,5,0,0
800,11721.066,15.250,1888,259,5,0,0
801,11733.081,12.014,1888,259,5,0,0
802,11743.796,10.715,1888,259,5,0,0
803,11754.697,10.901,1888,259,5,0,0
804,11768.096,13.399,1888,259,5,0,0
805,11787.474,19.378,1888,259,5,0,0
806,11800.083,12.608,1888,259,5,0,0
807,11813.593,13.510,1888,259,5,0,0
808,11827.280,13.687,1888,259,5,0,0
809,11842.089,14.809,1888,259,5,0,0
810,11854.792,12.703,1888,259,5,0,0
811,11867.661,12.869,1888,259,5,0,0
812,11880.646,12.985,1888,259,5,0,0
813,11895.066,14.420,1888,259,5,0,0
814,11909.991,14.925,1888,259,5,0,0
815,11926.742,16.751,1888,259,5,0,0
816,11940.273,13.531,1888,259,5,0,0
817,11955.766,15.493,1888,259,5,0,0
818,11967.947,12.181,1888,259,5,0,0
819,11982.028,14.081,1888,259,5,0,0
820,11994.589,12.561,1888,259,5,0,0
821,12006.875,12.285,1888,259,5,0,0
822,12021.961,15.086,1888,259,5,0,0
823,12035.841,13.880,1888,259,5,0,0
824,12049.550,13.709,1888,259,5,0,0
825,12062.225,12.675,1888,259,5,0,0
826,12074.582,12.357,1888,259,5,0,0
827,12088.600,14.018,1888,259,5,0,0
828,12102.013,13.412,1888,259,5,0,0
829,12115.436,13.423,1888,259,5,0,0
830,12129.330,13.894,1888,259,5,0,0
831,12142.558,13.229,1888,259,5,0,0
832,12156.294,13.736,1888,259,5,0,0
833,12172.966,16.672,1888,259,5,0,0
834,12188.445,15.479,1888,259,5,0,0
835,12204.517,16.072,1888,259,5,0,0
836,12219.784,15.267,1888,259,5,0,0
837,12232.035,12.251,1888,259,5,0,0
838,12246.801,14.765,1888,259,5,0,0
839,12261.039,14.238,1888,259,5,0,0
840,12274.809,13.770,1888,259,5,0,0
841,12289.237,14.428,1888,259,5,0,0
842,12302.940,13.703,1888,259,5,0,0
843,12315.975,13.035,1888,259,5,0,0
844,12329.883,13.908,1888,259,5,0,0
845,12342.417,12.535,1888,259,5,0,0
846,12355.203,12.785,1888,259,5,0,0
847,12368.360,13.157,1888,259,5,0,0
848,12383.572,15.212,1888,259,5,0,0
849,12396.929,13.357,1888,259,5,0,0
850,12414.176,17.248,1888,259,5,0,0
851,12427.384,13.208,1888,259,5,0,0
852,12442.859,15.475,1888,259,5,0,0
853,12455.420,12.561,1888,259,5,0,0
854,12468.649,13.229,1888,259,5,0,0
855,12483.471,14.822,1888,259,5,0,0
856,12499.304,15.832,1888,259,5,0,0
857,12511.938,12.634,1888,259,5,0,0
858,12525.405,13.468,1888,259,5,0,0
859,12537.969,12.563,1888,259,5,0,0
860,12550.926,12.957,1888,259,5,0,0
861,12564.870,13.944,1888,259,5,0,0
862,12580.387,15.517,1888,259,5,0,0
863,12591.300,10.913,1888,259,5,0,0
864,12604.385,13.085,1888,259,5,0,0
865,12617.895,13.510,1888,259,5,0,0
866,12629.499,11.603,1888,259,5,0,0
867,12641.370,11.872,1888,259,5,0,0
868,12653.993,12.623,1888,259,5,0,0
869,12666.755,12.762,1888,259,5,0,0
870,12679.809,13.054,1888,259,5,0,0
871,12692.502,12.693,1888,259,5,0,0
872,12704.263,11.761,1888,259,5,0,0
873,12716.131,11.867,1888,259,5,0,0
874,12727.394,11.264,1888,259,5,0,0
875,12738.876,11.481,1888,259,5,0,0
876,12749.822,10.947,1888,259,5,0,0
877,12761.912,12.090,1888,259,5,0,0
878,12773.296,11.384,1888,259,5,0,0
879,12785.495,12.199,1888,259,5,0,0
880,12799.951,14.457,1888,259,5,0,0
881,12814.552,14.601,1888,259,5,0,0
882,12826.379,11.827,1888,259,5,0,0
883,12839.942,13.563,1888,259,5,0,0
884,12852.281,12.339,1888,259,5,0,0
885,12865.855,13.574,1888,259,5,0,0
886,12879.502,13.647,1888,259,5,0,0
887,12893.391,13.890,1888,259,5,0,0
888,12905.046,11.654,1888,259,5,0,0
889,12919.657,14.611,1888,259,5,0,0
890,12931.643,11.987,1888,259,5,0,0
891,12946.627,14.984,1888,259,5,0,0
892,12958.543,11.916,1888,259,5,0,0
893,12972.608,14.065,1888,259,5,0,0
894,12984.836,12.228,1888,259,5,0,0
895,12998.550,13.714,1888,259,5,0,0
896,13011.126,12.575,1888,259,5,0,0
897,13025.089,13.964,1888,259,5,0,0
898,13038.573,13.484,1888,259,5,0,0
899,13051.338,12.765,1888,259,5,0,0
900,13064.740,13.402,1888,259,5,0,0
901,13077.455,12.715,1888,259,5,0,0
902,13091.916,14.461,1888,259,5,0,0
903,13105.794,13.878,1888,259,5,0,0
904,13119.636,13.843,1888,259,5,0,0
905,13130.919,11.282,1888,259,5,0,0
906,13143.299,12.380,1888,259,5,0,0
907,13156.992,13.693,1888,259,5,0,0
908,13169.759,12.768,1888,259,5,0,0
909,13182.293,12.534,1888,259,5,0,0
910,13195.558,13.265,1888,259,5,0,0
911,13209.419,13.861,1888,259,5,0,0
912,13225.457,16.038,1888,259,5,0,0
913,13237.896,12.439,1888,259,5,0,0
914,13250.201,12.305,1888,259,5,0,0
915,13269.765,19.564,1888,259,5,0,0
916,13282.742,12.976,1888,259,5,0,0
917,13295.271,12.530,1888,259,5,0,0
918,13308.756,13.484,1888,259,5,0,0
919,13325.273,16.518,1888,259,5,0,0
920,13339.033,13.760,1888,259,5,0,0
921,13352.224,13.191,1888,259,5,0,0
922,13364.444,12.220,1888,259,5,0,0
923,13380.292,15.847,1888,259,5,0,0
924,13393.188,12.896,1888,259,5,0,0
925,13407.846,14.658,1888,259,5,0,0
926,13422.618,14.772,1888,259,5,0,0
927,13439.036,16.419,1888,259,5,0,0
928,13452.344,13.308,1888,259,5,0,0
929,13466.273,13.929,1888,259,5,0,0
930,13481.991,15.717,1888,259,5,0,0
931,13496.441,14.450,1888,259,5,0,0
932,13512.473,16.032,1888,259,5,0,0
933,13527.707,15.234,1888,259,5,0,0
934,13541.182,13.475,1888,259,5,0,0
935,13560.359,19.177,1888,259,5,0,0
936,13571.357,10.998,1888,259,5,0,0
937,13583.759,12.402,1888,259,5,0,0
938,13599.489,15.730,1888,259,5,0,0
939,13615.030,15.541,1888,259,5,0,0
940,13631.485,16.455,1888,259,5,0,0
941,13643.893,12.408,1888,259,5,0,0
942,13658.712,14.819,1888,259,5,0,0
943,13674.658,15.946,1888,259,5,0,0
944,13689.092,14.434,1888,259,5,0,0
945,13702.460,13.368,1888,259,5,0,0
946,13716.565,14.105,1888,259,5,0,0
947,13732.541,15.977,1888,259,5,0,0
948,13746.820,14.278,1888,259,5,0,0
949,13762.762,15.943,1888,259,5,0,0
950,13777.613,14.851,1888,259,5,0,0
951,13791.649,14.037,1888,259,5,0,0
952,13806.810,15.161,1888,259,5,0,0
953,13822.788,15.978,1888,259,5,0,0
954,13838.144,15.356,1888,259,5,0,0
955,13851.416,13.272,1888,259,5,0,0
956,13866.500,15.085,1888,259,5,0,0
957,13880.299,13.799,1888,259,5,0,0
958,13895.491,15.192,1888,259,5,0,0
959,13909.917,14.426,1888,259,5,0,0
960,13924.052,14.135,1888,259,5,0,0
961,13938.505,14.454,1888,259,5,0,0
962,13954.621,16.116,1888,259,5,0,0
963,13968.917,14.296,1888,259,5,0,0
964,13983.645,14.727,1888,259,5,0,0
965,13997.772,14.128,1888,259,5,0,0
966,14013.043,15.271,1888,259,5,0,0
967,14026.884,13.841,1888,259,5,0,0
968,14043.565,16.681,1888,259,5,0,0
969,14056.485,12.920,1888,259,5,0,0
970,14071.394,14.909,1888,259,5,0,0
971,14085.663,14.269,1888,259,5,0,0
972,14101.067,15.404,1888,259,5,0,0
973,14117.326,16.259,1888,259,5,0,0
974,14131.318,13.992,1888,259,5,0,0
975,14148.602,17.284,1888,259,5,0,0
976,14159.485,10.883,1888,259,5,0,0
977,14174.106,14.621,1888,259,5,0,0
978,14189.140,15.034,1888,259,5,0,0
979,14203.505,14.365,1888,259,5,0,0
980,14218.227,14.722,1888,259,5,0,0
981,14233.567,15.340,1888,259,5,0,0
982,14247.693,14.126,1888,259,5,0,0
983,14262.368,14.674,1888,259,5,0,0
984,14277.180,14.812,1888,259,5,0,0
985,14292.315,15.135,1888,259,5,0,0
986,14306.400,14.085,1888,259,5,0,0
987,14321.371,14.971,1888,259,5,0,0
988,14335.642,14.271,1888,259,5,0,0
989,14351.313,15.670,1888,259,5,0,0
990,14369.097,17.785,1888,259,5,0,0
991,14380.100,11.003,1888,259,5,0,0
992,14394.642,14.542,1888,259,5,0,0
993,14408.177,13.535,1888,259,5,0,0
994,14429.165,20.987,1888,259,5,0,0
995,14440.717,11.553,1888,259,5,0,0
996,14453.920,13.203,1888,259,5,0,0
997,14470.415,16.494,1888,259,5,0,0
998,14482.496,12.081,1888,259,5,0,0
999,14497.340,14.844,1888,259,5,0,0
1000,14511.692,14.352,1888,259,5,0,0
1001,14526.255,14.562,1888,259,5,0,0
1002,14541.988,15.733,1888,259,5,0,0
1003,14557.801,15.813,1888,259,5,0,0
1004,14570.935,13.134,1888,259,5,0,0
1005,14585.407,14.472,1888,259,5,0,0
1006,14600.001,14.594,1888,259,5,0,0
1007,14615.754,15.753,1888,259,5,0,0
1008,14628.951,13.197,1888,259,5,0,0
1009,14643.848,14.897,1888,259,5,0,0
1010,14658.673,14.825,1888,259,5,0,0
1011,14673.277,14.604,1888,259,5,0,0
1012,14688.524,15.247,1888,259,5,0,0
1013,14702.208,13.684,1888,259,5,0,0
1014,14717.562,15.354,1888,259,5,0,0
1015,14733.522,15.960,1888,259,5,0,0
1016,14751.547,18.024,1888,259,5,0,0
1017,14761.704,10.157,1888,259,5,0,0
1018,14775.926,14.222,1888,259,5,0,0
1019,14794.201,18.275,1888,259,5,0,0
1020,14804.233,10.032,1888,259,5,0,0
1021,14818.068,13.835,1888,259,5,0,0
1022,14833.368,15.300,1888,259,5,0,0
1023,14847.827,14.460,1888,259,5,0,0
1024,14864.317,16.490,1888,259,5,0,0
1025,14883.675,19.357,1888,259,5,0,0
1026,14895.270,11.595,1888,259,5,0,0
1027,14907.382,12.112,1888,259,5,0,0
1028,14926.672,19.290,1888,259,5,0,0
1029,14937.261,10.589,1888,259,5,0,0
1030,14951.628,14.367,1888,259,5,0,0
1031,14965.105,13.476,1888,259,5,0,0
1032,14981.515,16.410,1888,259,5,0,0
1033,14999.714,18.200,1888,259,5,0,0
1034,15013.276,13.562,1888,259,5,0,0
1035,15025.160,11.884,1888,259,5,0,0
1036,15041.288,16.128,1888,259,5,0,0
1037,15053.982,12.694,1888,259,5,0,0
1038,15070.140,16.158,1888,259,5,0,0
1039,15085.944,15.804,1888,259,5,0,0
1040,15098.445,12.502,1888,259,5,0,0
1041,15113.922,15.477,1888,259,5,0,0
1042,15127.618,13.696,1888,259,5,0,0
1043,15143.389,15.771,1888,259,5,0,0
1044,15162.065,18.676,1888,259,5,0,0
1045,15180.843,18.778,1888,259,5,0,0
1046,15203.891,23.048,1888,259,5,0,0
1047,15224.434,20.543,1888,259,5,0,0
1048,15245.826,21.392,1888,259,5,0,0
1049,15267.441,21.615,1888,259,5,0,0
1050,15287.477,20.036,1888,259,5,0,0
1051,15308.180,20.704,1888,259,5,0,0
1052,15326.983,18.803,1888,259,5,0,0
1053,15343.976,16.993,1888,259,5,0,0
1054,15362.369,18.393,1888,259,5,0,0
1055,15378.270,15.902,1888,259,5,0,0
1056,15395.601,17.331,1888,259,5,0,0
1057,15412.847,17.245,1888,259,5,0,0
1058,15429.033,16.186,1888,259,5,0,0
1059,15448.557,19.524,1888,259,5,0,0
1060,15463.314,14.757,1888,259,5,0,0
1061,15478.655,15.341,1888,259,5,0,0
1062,15493.461,14.805,1888,259,5,0,0
1063,15509.736,16.275,1888,259,5,0,0
1064,15528.498,18.761,1888,259,5,0,0
1065,15542.345,13.847,1888,259,5,0,0
1066,15555.855,13.510,1888,259,5,0,0
1067,15569.153,13.298,1888,259,5,0,0
1068,15584.079,14.927,1888,259,5,0,0
1069,15597.318,13.239,1888,259,5,0,0
1070,15611.869,14.550,1888,259,5,0,0
1071,15626.352,14.484,1888,259,5,0,0
1072,15641.616,15.264,1888,259,5,0,0
1073,15655.621,14.005,1888,259,5,0,0
1074,15669.569,13.948,1888,259,5,0,0
1075,15683.926,14.357,1888,259,5,0,0
1076,15701.636,17.710,1888,259,5,0,0
1077,15712.515,10.879,1888,259,5,0,0
1078,15726.211,13.696,1888,259,5,0,0
1079,15740.129,13.918,1888,259,5,0,0
1080,15754.809,14.680,1888,259,5,0,0
1081,15768.605,13.796,1888,259,5,0,0
1082,15783.426,14.821,1888,259,5,0,0
1083,15796.936,13.510,1888,259,5,0,0
1084,15812.132,15.196,1888,259,5,0,0
1085,15825.949,13.817,1888,259,5,0,0
1086,15840.664,14.715,1888,259,5,0,0
1087,15858.008,17.344,1888,259,5,0,0
1088,15869.384,11.376,1888,259,5,0,0
1089,15883.135,13.751,1888,259,5,0,0
1090,15896.566,13.431,1888,259,5,0,0
1091,15909.937,13.371,1888,259,5,0,0
1092,15925.923,15.986,1888,259,5,0,0
1093,15938.637,12.714,1888,259,5,0,0
1094,15953.191,14.554,1888,259,5,0,0
1095,15967.385,14.194,1888,259,5,0,0
1096,15980.410,13.025,1888,259,5,0,0
1097,15995.867,15.456,1888,259,5,0,0
1098,16014.896,19.030,1888,259,5,0,0
1099,16029.481,14.585,1888,259,5,0,0
1100,16042.873,13.392,1888,259,5,0,0
1101,16054.525,11.652,1888,259,5,0,0
1102,16069.152,14.626,1888,259,5,0,0
1103,16081.570,12.419,1888,259,5,0,0
1104,16097.448,15.878,1888,259,5,0,0
1105,16113.250,15.803,1888,259,5,0,0
1106,16125.725,12.474,1888,259,5,0,0
1107,16144.567,18.842,1888,259,5,0,0
1108,16156.512,11.945,1888,259,5,0,0
1109,16168.679,12.167,1888,259,5,0,0
1110,16181.562,12.882,1888,259,5,0,0
1111,16195.815,14.253,1888,259,5,0,0
1112,16213.272,17.458,1888,259,5,0,0
1113,16224.669,11.397,1888,259,5,0,0
1114,16237.226,12.557,1888,259,5,0,0
1115,16252.832,15.607,1888,259,5,0,0
1116,16265.867,13.034,1888,259,5,0,0
1117,16280.605,14.738,1888,259,5,0,0
1118,16296.250,15.645,1888,259,5,0,0
1119,16311.187,14.937,1888,259,5,0,0
1120,16326.692,15.505,1888,259,5,0,0
1121,16340.577,13.884,1888,259,5,0,0
1122,16356.724,16.147,1888,259,5,0,0
1123,16373.012,16.289,1888,259,5,0,0
1124,16384.507,11.495,1888,259,5,0,0
1125,16399.461,14.954,1888,259,5,0,0
1126,16413.559,14.098,1888,259,5,0,0
1127,16427.624,14.065,1888,259,5,0,0
1128,16442.755,15.130,1888,259,5,0,0
1129,16456.817,14.062,1888,259,5,0,0
1130,16472.568,15.751,1888,259,5,0,0
1131,16492.586,20.017,1888,259,5,0,0
1132,16503.769,11.184,1888,259,5,0,0
1133,16517.855,14.086,1888,259,5,0,0
1134,16533.945,16.089,1888,259,5,0,0
1135,16547.102,13.157,1888,259,5,0,0
1136,16563.418,16.316,1888,259,5,0,0
1137,16576.772,13.355,1888,259,5,0,0
1138,16591.535,14.763,1888,259,5,0,0
1139,16606.807,15.271,1888,259,5,0,0
1140,16621.302,14.495,1888,259,5,0,0
1141,16637.786,16.484,1888,259,5,0,0
1142,16656.243,18.457,1888,259,5,0,0
1143,16666.903,10.660,1888,259,5,0,0
1144,16683.139,16.236,1888,259,5,0,1
1145,16695.607,12.468,1888,259,5,0,0
1146,16710.389,14.782,1888,259,5,0,0
1147,16725.297,14.908,1888,259,5,0,0
1148,16740.348,15.050,1888,259,5,0,0
1149,16754.490,14.143,1888,259,5,0,0
1150,16767.254,12.764,1888,259,5,0,0
1151,16781.859,14.605,1888,259,5,0,0
1152,16795.763,13.905,1888,259,5,0,0
1153,16809.162,13.399,1888,259,5,0,0
1154,16825.003,15.841,1888,259,5,0,0
1155,16838.339,13.336,1888,259,5,0,0
1156,16853.565,15.226,1888,259,5,0,0
1157,16867.713,14.148,1888,259,5,0,0
1158,16882.156,14.443,1888,259,5,0,0
1159,16895.676,13.520,1888,259,5,0,0
1160,16909.614,13.938,1888,259,5,0,0
1161,16927.729,18.115,1888,259,5,0,0
1162,16938.062,10.333,1888,259,5,0,0
1163,16954.043,15.981,1888,259,5,0,0
1164,16967.722,13.679,1888,259,5,0,0
1165,16979.699,11.977,1888,259,5,0,0
1166,16992.824,13.125,1888,259,5,0,0
1167,17012.161,19.337,1888,259,5,0,0
1168,17022.020,9.859,1888,259,5,0,0
1169,17038.209,16.189,1888,259,5,0,0
1170,17050.608,12.399,1888,259,5,0,0
1171,17063.402,12.794,1888,259,5,0,0
1172,17080.172,16.771,1888,259,5,0,0
1173,17092.593,12.420,1888,259,5,0,0
1174,17106.806,14.213,1888,259,5,0,0
1175,17120.557,13.751,1888,259,5,0,0
1176,17135.672,15.115,1888,259,5,0,0
1177,17150.083,14.410,1888,259,5,0,0
1178,17163.701,13.619,1888,259,5,0,0
1179,17180.252,16.550,1888,259,5,0,0
1180,17197.598,17.346,1888,259,5,0,0
1181,17211.666,14.068,1888,259,5,0,0
1182,17225.304,13.638,1888,259,5,0,0
1183,17238.638,13.334,1888,259,5,0,0
1184,17250.523,11.886,1888,259,5,0,0
1185,17265.521,14.997,1888,259,5,0,0
1186,17278.382,12.861,1888,259,5,0,0
1187,17291.383,13.001,1888,259,5,0,0
1188,17305.510,14.127,1888,259,5,0,0
1189,17319.371,13.861,1888,259,5,0,0
1190,17334.529,15.157,1888,259,5,0,0
1191,17354.090,19.561,1888,259,5,0,0
1192,17363.373,9.283,1888,259,5,0,0
1193,17376.858,13.485,1888,259,5,0,0
1194,17391.531,14.672,1888,259,5,0,0
1195,17406.447,14.917,1888,259,5,0,0
1196,17426.193,19.746,1888,259,5,0,0
1197,17436.854,10.661,1888,259,5,0,0
1198,17448.406,11.552,1888,259,5,0,0
1199,17465.033,16.627,1888,259,5,0,0
1200,17477.347,12.314,1888,259,5,0,0
1201,17492.238,14.892,1888,259,5,0,0
1202,17505.875,13.636,1888,259,5,0,0
1203,17519.115,13.240,1888,259,5,0,0
1204,17534.366,15.251,1888,259,5,0,0
1205,17547.697,13.331,1888,259,5,0,0
1206,17562.441,14.744,1888,259,5,0,0
1207,17576.073,13.632,1888,259,5,0,0
1208,17589.973,13.900,1888,259,5,0,0
1209,17604.786,14.813,1888,259,5,0,0
1210,17618.407,13.621,1888,259,5,0,0
1211,17632.298,13.891,1888,259,5,0,0
1212,17647.192,14.894,1888,259,5,0,0
1213,17660.637,13.444,1888,259,5,0,0
1214,17679.237,18.600,1888,259,5,0,0
1215,17688.195,8.959,1888,259,5,0,0
1216,17703.129,14.934,1888,259,5,0,0
1217,17716.860,13.731,1888,259,5,0,0
1218,17731.602,14.742,1888,259,5,0,0
1219,17745.645,14.043,1888,259,5,0,0
1220,17760.193,14.548,1888,259,5,0,0
1221,17774.100,13.907,1888,259,5,0,0
1222,17787.502,13.402,1888,259,5,0,0
1223,17801.831,14.329,1888,259,5,0,0
1224,17815.937,14.106,1888,259,5,0,0
1225,17830.149,14.212,1888,259,5,0,0
1226,17845.681,15.532,1888,259,5,0,0
1227,17860.155,14.474,1888,259,5,0,0
1228,17874.688,14.533,1888,259,5,0,0
1229,17889.049,14.361,1888,259,5,0,0
1230,17905.351,16.302,1888,259,5,0,0
1231,17919.588,14.236,1888,259,5,0,0
1232,17934.616,15.029,1888,259,5,0,0
1233,17949.794,15.178,1888,259,5,0,0
1234,17963.906,14.112,1888,259,5,0,0
1235,17982.182,18.276,1888,259,5,0,0
1236,17998.460,16.278,1888,259,5,0,0
1237,18015.395,16.934,1888,259,5,0,0
1238,18031.478,16.083,1888,259,5,0,0
1239,18047.372,15.894,1888,259,5,0,0
1240,18063.770,16.397,1888,259,5,0,0
1241,18079.728,15.958,1888,259,5,0,0
1242,18095.409,15.680,1888,259,5,0,0
1243,18107.973,12.564,1888,259,5,0,0
1244,18120.958,12.986,1888,259,5,0,0
1245,18133.957,12.998,1888,259,5,0,0
1246,18148.697,14.741,1888,259,5,0,0
1247,18166.943,18.246,1888,259,5,0,0
1248,18175.365,8.423,1888,259,5,0,0
1249,18190.124,14.759,1888,259,5,0,0
1250,18204.716,14.591,1888,259,5,0,0
1251,18219.946,15.230,1888,259,5,0,0
1252,18233.067,13.120,1888,259,5,0,0
1253,18248.489,15.422,1888,259,5,0,0
1254,18268.366,19.877,1888,259,5,0,0
1255,18278.741,10.374,1888,259,5,0,0
1256,18293.242,14.501,1888,259,5,0,0
1257,18307.292,14.051,1888,259,5,0,0
1258,18320.755,13.463,1888,259,5,0,0
1259,18335.151,14.396,1888,259,5,0,0
1260,18349.354,14.202,1888,259,5,0,0
1261,18364.970,15.617,1888,259,5,0,0
1262,18384.441,19.470,1888,259,5,0,0
1263,18393.524,9.083,1888,259,5,0,0
1264,18406.191,12.667,1888,259,5,0,0
1265,18419.675,13.483,1888,259,5,0,0
1266,18435.962,16.287,1888,259,5,0,0
1267,18450.241,14.279,1888,259,5,0,0
1268,18463.970,13.729,1888,259,5,0,0
1269,18478.027,14.057,1888,259,5,0,0
1270,18492.433,14.406,1888,259,5,0,0
1271,18506.445,14.011,1888,259,5,0,0
1272,18519.782,13.337,1888,259,5,0,0
1273,18534.445,14.663,1888,259,5,0,0
1274,18552.867,18.423,1888,259,5,0,0
1275,18563.306,10.438,1888,259,5,0,0
1276,18575.364,12.059,1888,259,5,0,0
1277,18590.410,15.046,1888,259,5,0,0
1278,18603.920,13.510,1888,259,5,0,0
1279,18624.821,20.901,1888,259,5,0,0
1280,18632.704,7.883,1888,259,5,0,0
1281,18647.103,14.399,1888,259,5,0,0
1282,18660.125,13.022,1888,259,5,0,0
1283,18674.862,14.737,1888,259,5,0,0
1284,18688.943,14.081,1888,259,5,0,0
1285,18703.154,14.210,1888,259,5,0,0
1286,18717.858,14.704,1888,259,5,0,0
1287,18731.683,13.825,1888,259,5,0,0
1288,18746.563,14.880,1888,259,5,0,0
1289,18759.830,13.267,1888,259,5,0,0
1290,18774.255,14.425,1888,259,5,0,0
1291,18787.435,13.180,1888,259,5,0,0
1292,18802.121,14.686,1888,259,5,0,0
1293,18816.155,14.034,1888,259,5,0,0
1294,18831.065,14.911,1888,259,5,0,0
1295,18845.471,14.406,1888,259,5,0,0
1296,18858.136,12.664,1888,259,5,0,0
1297,18873.237,15.101,1888,259,5,0,0
1298,18887.172,13.935,1888,259,5,0,0
1299,18902.074,14.902,1888,259,5,0,0
1300,18916.717,14.643,1888,259,5,0,0
1301,18929.699,12.983,1888,259,5,0,0
1302,18945.244,15.545,1888,259,5,0,0
1303,18961.299,16.055,1888,259,5,0,0
1304,18971.245,9.946,1888,259,5,0,0
1305,18980.105,8.859,1888,259,5,0,0
1306,18989.870,9.765,1888,259,5,0,0
1307,18998.451,8.580,1888,259,5,0,0
1308,19008.295,9.844,1888,259,5,0,0
1309,19017.578,9.283,1888,259,5,0,0
1310,19026.331,8.753,1888,259,5,0,0
1311,19036.319,9.988,1888,259,5,0,0
1312,19046.230,9.911,1888,259,5,0,0
1313,19056.811,10.581,1888,259,5,0,0
1314,19065.708,8.897,1888,259,5,0,0
1315,19075.508,9.800,1888,259,5,0,0
1316,19084.499,8.991,1888,259,5,0,0
1317,19093.305,8.806,1888,259,5,0,0
1318,19102.408,9.103,1888,259,5,0,0
1319,19111.270,8.862,1888,259,5,0,0
1320,19120.836,9.566,1888,259,5,0,0
1321,19129.583,8.747,1888,259,5,0,0
1322,19138.764,9.181,1888,259,5,0,0
1323,19149.167,10.403,1888,259,5,0,0
1324,19158.324,9.157,1888,259,5,0,0
1325,19167.812,9.488,1888,259,5,0,0
1326,19177.125,9.313,1888,259,5,0,0
1327,19186.198,9.073,1888,259,5,0,0
1328,19195.697,9.499,1888,259,5,0,0
1329,19204.841,9.145,1888,259,5,0,0
1330,19213.885,9.044,1888,259,5,0,0
1331,19221.323,7.438,1888,259,5,0,0
1332,19230.243,8.920,1888,259,5,0,0
1333,19238.133,7.890,1888,259,5,0,0
1334,19246.061,7.928,1888,259,5,0,0
1335,19252.855,6.793,1888,259,5,0,0
1336,19261.069,8.214,1888,259,5,0,0
1337,19268.781,7.713,1888,259,5,0,0
1338,19276.241,7.459,1888,259,5,0,0
1339,19282.806,6.566,1888,259,5,0,0
1340,19290.268,7.462,1888,259,5,0,0
1341,19297.944,7.676,1888,259,5,0,0
1342,19304.737,6.793,1888,259,5,0,0
1343,19311.923,7.186,1888,259,5,0,0
1344,19318.895,6.971,1888,259,5,0,0
1345,19325.229,6.335,1888,259,5,0,0
1346,19331.266,6.036,1888,259,5,0,0
1347,19338.056,6.790,1888,259,5,0,0
1348,19344.444,6.388,1888,259,5,0,0
1349,19351.335,6.891,1888,259,5,0,0
1350,19358.213,6.878,1888,259,5,0,0
1351,19364.813,6.600,1888,259,5,0,0
1352,19371.779,6.965,1888,259,5,0,0
1353,19378.324,6.546,1888,259,5,0,0
1354,19384.490,6.166,1888,259,5,0,0
1355,19391.084,6.594,1888,259,5,0,0
1356,19398.105,7.021,1888,259,5,0,0
1357,19404.343,6.238,1888,259,5,0,0
1358,19410.204,5.861,1888,259,5,0,0
1359,19416.281,6.077,1888,259,5,0,0
1360,19422.026,5.745,1888,259,5,0,0
1361,19427.954,5.928,1888,259,5,0,0
1362,19433.419,5.465,1888,259,5,0,0
1363,19438.856,5.437,1888,259,5,0,0
1364,19445.078,6.222,1888,259,5,0,0
1365,19450.749,5.671,1888,259,5,0,0
1366,19456.969,6.220,1888,259,5,0,0
1367,19462.892,5.923,1888,259,5,0,0
1368,19468.638,5.747,1888,259,5,0,0
1369,19474.397,5.759,1888,259,5,0,0
1370,19483.705,9.308,1888,259,5,0,0
1371,19490.417,6.712,1888,259,5,0,0
1372,19496.074,5.657,1888,259,5,0,0
1373,19503.357,7.284,1888,259,5,0,0
1374,19510.390,7.032,1888,259,5,0,0
1375,19516.218,5.829,1888,259,5,0,0
1376,19522.282,6.064,1888,259,5,0,0
1377,19530.009,7.727,1888,259,5,0,0
1378,19536.859,6.850,1888,259,5,0,0
1379,19545.831,8.972,1888,259,5,0,0
1380,19551.146,5.315,1888,259,5,0,0
1381,19557.566,6.420,1888,259,5,0,0
1382,19564.429,6.863,1888,259,5,0,0
1383,19572.139,7.711,1888,259,5,0,0
1384,19579.197,7.057,1888,259,5,0,0
1385,19586.081,6.884,1888,259,5,0,0
1386,19592.472,6.391,1888,259,5,0,0
1387,19599.212,6.740,1888,259,5,0,0
1388,19605.360,6.149,1888,259,5,0,0
1389,19612.952,7.591,1888,259,5,0,0
1390,19619.546,6.594,1888,259,5,0,0
1391,19627.307,7.761,1888,259,5,0,0
1392,19633.930,6.623,1888,259,5,0,0
1393,19640.889,6.959,1888,259,5,0,0
1394,19647.344,6.455,1888,259,5,0,0
1395,19657.449,10.104,1888,259,5,0,0
1396,19662.205,4.756,1888,259,5,0,0
1397,19668.799,6.594,1888,259,5,0,0
1398,19675.449,6.650,1888,259,5,0,0
1399,19681.479,6.030,1888,259,5,0,0
1400,19689.187,7.707,1888,259,5,0,0
1401,19697.390,8.203,1888,259,5,0,0
1402,19703.527,6.137,1888,259,5,0,0
1403,19709.732,6.205,1888,259,5,0,0
1404,19719.117,9.385,1888,259,5,0,0
1405,19723.726,4.609,1888,259,5,0,0
1406,19729.465,5.739,1888,259,5,0,0
1407,19737.532,8.067,1888,259,5,0,0
1408,19744.717,7.185,1888,259,5,0,0
1409,19751.021,6.304,1888,259,5,0,0
1410,19758.579,7.558,1888,259,5,0,0
1411,19764.838,6.259,1888,259,5,0,0
1412,19772.076,7.238,1888,259,5,0,0
1413,19779.544,7.469,1888,259,5,0,0
1414,19785.468,5.923,1888,259,5,0,0
1415,19792.607,7.139,1888,259,5,0,0
1416,19800.264,7.657,1888,259,5,0,0
1417,19806.217,5.953,1888,259,5,0,0
1418,19813.567,7.349,1888,259,5,0,0
1419,19823.036,9.470,1888,259,5,0,0
1420,19827.204,4.167,1888,259,5,0,0
1421,19834.473,7.269,1888,259,5,0,0
1422,19841.853,7.380,1888,259,5,0,0
1423,19848.258,6.405,1888,259,5,0,0
1424,19855.409,7.150,1888,259,5,0,0
1425,19863.216,7.807,1888,259,5,0,0
1426,19869.230,6.014,1888,259,5,0,0
1427,19876.541,7.311,1888,259,5,0,0
1428,19882.545,6.005,1888,259,5,0,0
1429,19889.557,7.011,1888,259,5,0,0
1430,19896.631,7.074,1888,259,5,0,0
1431,19906.732,10.101,1888,259,5,0,0
1432,19911.526,4.794,1888,259,5,0,0
1433,19917.583,6.057,1888,259,5,0,0
1434,19924.520,6.937,1888,259,5,0,0
1435,19932.127,7.607,1888,259,5,0,0
1436,19939.686,7.559,1888,259,5,0,0
1437,19945.947,6.261,1888,259,5,0,0
1438,19953.791,7.843,1888,259,5,0,0
1439,19960.212,6.421,1888,259,5,0,0
1440,19965.823,5.611,1888,259,5,0,0
1441,19973.826,8.004,1888,259,5,0,0
1442,19979.800,5.974,1888,259,5,0,0
1443,19986.604,6.804,1888,259,5,0,0
1444,19993.697,7.093,1888,259,5,0,0
1445,20000.480,6.783,1888,259,5,0,0
1446,20007.719,7.239,1888,259,5,0,0
1447,20014.567,6.848,1888,259,5,0,0
1448,20021.672,7.105,1888,259,5,0,0
1449,20028.830,7.158,1888,259,5,0,0
1450,20036.364,7.534,1888,259,5,0,0
1451,20041.941,5.577,1888,259,5,0,0
1452,20048.559,6.618,1888,259,5,0,0
1453,20056.693,8.134,1888,259,5,0,0
1454,20063.603,6.910,1888,259,5,0,0
1455,20071.032,7.429,1888,259,5,0,0
1456,20076.351,5.320,1888,259,5,0,0
1457,20084.059,7.708,1888,259,5,0,0
1458,20091.559,7.499,1888,259,5,0,0
1459,20098.795,7.237,1888,259,5,0,0
1460,20104.240,5.445,1888,259,5,0,0
1461,20112.008,7.767,1888,259,5,0,0
1462,20119.111,7.104,1888,259,5,0,0
1463,20125.992,6.881,1888,259,5,0,0
1464,20133.040,7.048,1888,259,5,0,0
1465,20140.748,7.708,1888,259,5,0,0
1466,20146.850,6.103,1888,259,5,0,0
1467,20157.594,10.744,1888,259,5,0,0
1468,20163.293,5.698,1888,259,5,0,0
1469,20168.129,4.836,1888,259,5,0,0
1470,20175.299,7.170,1888,259,5,0,0
1471,20180.705,5.406,1888,259,5,0,0
1472,20188.530,7.825,1888,259,5,0,0
1473,20195.874,7.344,1888,259,5,0,0
1474,20200.791,4.918,1888,259,5,0,0
1475,20211.316,10.525,1888,259,5,0,0
1476,20215.457,4.141,1888,259,5,0,0
1477,20223.226,7.769,1888,259,5,0,0
1478,20230.375,7.148,1888,259,5,0,0
1479,20235.278,4.903,1888,259,5,0,0
1480,20243.962,8.684,1888,259,5,0,0
1481,20250.634,6.673,1888,259,5,0,0
1482,20257.620,6.985,1888,259,5,0,0
1483,20264.827,7.207,1888,259,5,0,0
1484,20271.912,7.086,1888,259,5,0,0
1485,20278.763,6.850,1888,259,5,0,0
1486,20285.543,6.780,1888,259,5,0,0
1487,20292.648,7.105,1888,259,5,0,0
1488,20299.581,6.933,1888,259,5,0,0
1489,20306.342,6.761,1888,259,5,0,0
1490,20313.493,7.151,1888,259,5,0,0
1491,20320.205,6.712,1888,259,5,0,0
1492,20327.184,6.979,1888,259,5,0,0
1493,20333.850,6.666,1888,259,5,0,0
1494,20340.810,6.960,1888,259,5,0,0
1495,20347.481,6.671,1888,259,5,0,0
1496,20353.866,6.385,1888,259,5,0,0
1497,20362.175,8.309,1888,259,5,0,0
1498,20369.430,7.255,1888,259,5,0,0
1499,20378.729,9.299,1888,259,5,0,0
1500,20383.098,4.368,1888,259,5,0,0
1501,20389.933,6.835,1888,259,5,0,0
1502,20396.832,6.899,1888,259,5,0,0
1503,20403.753,6.922,1888,259,5,0,0
1504,20411.059,7.306,1888,259,5,0,0
1505,20418.536,7.477,1888,259,5,0,0
1506,20423.474,4.937,1888,259,5,0,0
1507,20431.151,7.678,1888,259,5,0,0
1508,20437.630,6.478,1888,259,5,0,0
1509,20445.965,8.335,1888,259,5,0,0
1510,20450.622,4.657,1888,259,5,0,0
1511,20460.982,10.360,1888,259,5,0,0
1512,20466.914,5.932,1888,259,5,0,0
1513,20473.019,6.105,1888,259,5,0,0
1514,20483.016,9.997,1888,259,5,0,0
1515,20487.675,4.659,1888,259,5,0,0
1516,20496.587,8.911,1888,259,5,0,0
1517,20501.139,4.552,1888,259,5,0,0
1518,20508.583,7.444,1888,259,5,0,0
1519,20515.950,7.367,1888,259,5,0,0
1520,20521.292,5.342,1888,259,5,0,0
1521,20529.062,7.770,1888,259,5,0,0
1522,20534.242,5.179,1888,259,5,0,0
1523,20542.862,8.621,1888,259,5,0,0
1524,20553.061,10.198,1888,259,5,0,0
1525,20557.423,4.363,1888,259,5,0,0
1526,20563.885,6.462,1888,259,5,0,0
1527,20572.018,8.133,1888,259,5,0,0
1528,20577.792,5.774,1888,259,5,0,0
1529,20585.220,7.428,1888,259,5,0,0
1530,20591.797,6.577,1888,259,5,0,0
1531,20598.575,6.778,1888,259,5,0,0
1532,20606.437,7.862,1888,259,5,0,0
1533,20612.179,5.742,1888,259,5,0,0
1534,20619.708,7.529,1888,259,5,0,0
1535,20626.276,6.568,1888,259,5,0,0
1536,20631.537,5.261,1888,259,5,0,0
1537,20639.759,8.222,1888,259,5,0,0
1538,20646.570,6.811,1888,259,5,0,0
1539,20653.836,7.266,1888,259,5,0,0
1540,20660.524,6.687,1888,259,5,0,0
1541,20670.593,10.069,1888,259,5,0,0
1542,20674.516,3.923,1888,259,5,0,0
1543,20682.079,7.563,1888,259,5,0,0
1544,20687.914,5.835,1888,259,5,0,0
1545,20697.125,9.211,1888,259,5,0,0
1546,20705.905,8.780,1888,259,5,0,0
1547,20709.667,3.762,1888,259,5,0,0
1548,20718.533,8.866,1888,259,5,0,0
1549,20725.540,7.006,1888,259,5,0,0
1550,20729.468,3.928,1888,259,5,0,0
1551,20737.163,7.695,1888,259,5,0,0
1552,20747.523,10.360,1888,259,5,0,0
1553,20751.379,3.856,1888,259,5,0,0
1554,20756.520,5.141,1888,259,5,0,0
1555,20768.284,11.764,1888,259,5,0,0
1556,20772.541,4.257,1888,259,5,0,0
1557,20777.665,5.124,1888,259,5,0,0
1558,20785.902,8.237,1888,259,5,0,0
1559,20792.378,6.476,1888,259,5,0,0
1560,20799.481,7.103,1888,259,5,0,0
1561,20806.605,7.124,1888,259,5,0,0
1562,20813.130,6.524,1888,259,5,0,0
1563,20820.066,6.936,1888,259,5,0,0
1564,20830.434,10.368,1888,259,5,0,0
1565,20834.923,4.489,1888,259,5,0,0
1566,20842.737,7.815,1888,259,5,0,0
1567,20848.896,6.158,1888,259,5,0,0
1568,20857.986,9.090,1888,259,5,0,0
1569,20862.042,4.056,1888,259,5,0,0
1570,20870.029,7.987,1888,259,5,0,0
1571,20876.614,6.585,1888,259,5,0,0
1572,20883.704,7.090,1888,259,5,0,0
1573,20889.366,5.662,1888,259,5,0,0
1574,20896.639,7.273,1888,259,5,0,0
1575,20903.845,7.206,1888,259,5,0,0
1576,20910.640,6.795,1888,259,5,0,0
1577,20917.731,7.091,1888,259,5,0,0
1578,20924.406,6.676,1888,259,5,0,0
1579,20931.719,7.313,1888,259,5,0,0
1580,20938.527,6.808,1888,259,5,0,0
1581,20945.500,6.973,1888,259,5,0,0
1582,20952.680,7.180,1888,259,5,0,0
1583,20961.811,9.131,1888,259,5,0,0
1584,20964.955,3.144,1888,259,5,0,0
1585,20972.993,8.038,1888,259,5,0,0
1586,20980.376,7.383,1888,259,5,0,0
1587,20989.742,9.366,1888,259,5,0,0
1588,20993.898,4.156,1888,259,5,0,0
1589,21003.004,9.105,1888,259,5,0,0
1590,21006.734,3.730,1888,259,5,0,0
1591,21014.724,7.990,1888,259,5,0,0
1592,21021.767,7.042,1888,259,5,0,0
1593,21031.749,9.982,1888,259,5,0,0
1594,21036.178,4.429,1888,259,5,0,0
1595,21040.900,4.722,1888,259,5,0,0
1596,21049.130,8.230,1888,259,5,0,0
1597,21055.916,6.786,1888,259,5,0,0
1598,21062.147,6.232,1888,259,5,0,0
1599,21070.345,8.198,1888,259,5,0,0
1600,21077.886,7.540,1888,259,5,0,0
1601,21085.033,7.147,1888,259,5,0,0
1602,21090.755,5.722,1888,259,5,0,0
1603,21098.949,8.194,1888,259,5,0,0
1604,21105.155,6.206,1888,259,5,0,0
1605,21112.679,7.524,1888,259,5,0,0
1606,21119.901,7.221,1888,259,5,0,0
1607,21125.665,5.764,1888,259,5,0,0
1608,21132.818,7.153,1888,259,5,0,0
1609,21139.618,6.800,1888,259,5,0,0
1610,21146.419,6.801,1888,259,5,0,0
1611,21153.239,6.820,1888,259,5,0,0
1612,21159.532,6.293,1888,259,5,0,0
1613,21167.252,7.720,1888,259,5,0,0
1614,21174.320,7.068,1888,259,5,0,0
1615,21180.822,6.502,1888,259,5,0,0
1616,21187.334,6.512,1888,259,5,0,0
1617,21194.927,7.594,1888,259,5,0,0
1618,21201.904,6.977,1888,259,5,0,0
1619,21208.913,7.009,1888,259,5,0,0
1620,21215.609,6.696,1888,259,5,0,0
1621,21223.234,7.625,1888,259,5,0,0
1622,21230.294,7.060,1888,259,5,0,0
1623,21237.269,6.974,1888,259,5,0,0
1624,21244.080,6.811,1888,259,5,0,0
1625,21250.826,6.747,1888,259,5,0,0
1626,21257.337,6.510,1888,259,5,0,0
1627,21264.246,6.910,1888,259,5,0,0
1628,21270.523,6.276,1888,259,5,0,0
1629,21278.207,7.685,1888,259,5,0,0
1630,21285.142,6.935,1888,259,5,0,0
1631,21291.461,6.319,1888,259,5,0,0
1632,21299.581,8.120,1888,259,5,0,0
1633,21309.776,10.195,1888,259,5,0,0
1634,21313.512,3.736,1888,259,5,0,0
1635,21320.800,7.288,1888,259,5,0,0
1636,21328.119,7.319,1888,259,5,0,0
1637,21333.414,5.295,1888,259,5,0,0
1638,21341.838,8.424,1888,259,5,0,0
1639,21348.295,6.457,1888,259,5,0,0
1640,21354.906,6.611,1888,259,5,0,0
1641,21361.894,6.988,1888,259,5,0,0
1642,21369.036,7.142,1888,259,5,0,0
1643,21375.479,6.443,1888,259,5,0,0
1644,21382.266,6.787,1888,259,5,0,0
1645,21388.343,6.077,1888,259,5,0,0
1646,21395.787,7.445,1888,259,5,0,0
1647,21403.948,8.161,1888,259,5,0,0
1648,21413.218,9.270,1888,259,5,0,0
1649,21417.363,4.145,1888,259,5,0,0
1650,21423.800,6.437,1888,259,5,0,0
1651,21431.670,7.870,1888,259,5,0,0
1652,21437.464,5.794,1888,259,5,0,0
1653,21444.959,7.495,1888,259,5,0,0
1654,21452.860,7.901,1888,259,5,0,0
1655,21460.088,7.228,1888,259,5,0,0
1656,21465.098,5.010,1888,259,5,0,0
1657,21473.911,8.813,1888,259,5,0,0
1658,21480.176,6.265,1888,259,5,0,0
1659,21486.934,6.758,1888,259,5,0,0
1660,21493.768,6.833,1888,259,5,0,0
1661,21500.959,7.191,1888,259,5,0,0
1662,21507.975,7.016,1888,259,5,0,0
1663,21517.904,9.929,1888,259,5,0,0
1664,21521.682,3.777,1888,259,5,0,0
1665,21528.443,6.761,1888,259,5,0,0
1666,21535.393,6.950,1888,259,5,0,0
1667,21542.616,7.223,1888,259,5,0,0
1668,21549.873,7.257,1888,259,5,0,0
1669,21555.041,5.168,1888,259,5,0,0
1670,21563.809,8.768,1888,259,5,0,0
1671,21571.819,8.010,1888,259,5,0,0
1672,21578.360,6.541,1888,259,5,0,0
1673,21584.599,6.239,1888,259,5,0,0
1674,21589.360,4.761,1888,259,5,0,0
1675,21597.689,8.329,1888,259,5,0,0
1676,21605.579,7.890,1888,259,5,0,0
1677,21611.261,5.682,1888,259,5,0,0
1678,21618.326,7.065,1888,259,5,0,0
1679,21625.861,7.535,1888,259,5,0,0
1680,21635.685,9.824,1888,259,5,0,0
1681,21639.849,4.164,1888,259,5,0,0
1682,21646.722,6.874,1888,259,5,0,0
1683,21653.369,6.647,1888,259,5,0,0
1684,21660.283,6.914,1888,259,5,0,0
1685,21666.580,6.298,1888,259,5,0,0
1686,21674.691,8.111,1888,259,5,0,0
1687,21681.331,6.640,1888,259,5,0,0
1688,21688.106,6.774,1888,259,5,0,0
1689,21694.711,6.606,1888,259,5,0,0
1690,21701.257,6.546,1888,259,5,0,0
1691,21712.450,11.193,1888,259,5,0,0
1692,21715.866,3.415,1888,259,5,0,0
1693,21722.421,6.555,1888,259,5,0,0
1694,21728.781,6.360,1888,259,5,0,0
1695,21736.494,7.713,1888,259,5,0,0
1696,21743.529,7.035,1888,259,5,0,0
1697,21749.699,6.170,1888,259,5,0,0
1698,21757.186,7.487,1888,259,5,0,0
1699,21764.489,7.302,1888,259,5,0,0
1700,21771.530,7.041,1888,259,5,0,0
1701,21777.983,6.453,1888,259,5,0,0
1702,21784.828,6.845,1888,259,5,0,0
1703,21792.485,7.657,1888,259,5,0,0
1704,21799.567,7.082,1888,259,5,0,0
1705,21806.332,6.765,1888,259,5,0,0
1706,21812.734,6.403,1888,259,5,0,0
1707,21819.052,6.317,1888,259,5,0,0
1708,21826.752,7.701,1888,259,5,0,0
1709,21833.474,6.721,1888,259,5,0,0
1710,21839.727,6.254,1888,259,5,0,0
1711,21847.455,7.727,1888,259,5,0,0
1712,21854.018,6.563,1888,259,5,0,0
1713,21862.132,8.115,1888,259,5,0,0
1714,21869.298,7.165,1888,259,5,0,0
1715,21876.784,7.486,1888,259,5,0,0
1716,21881.912,5.128,1888,259,5,0,0
1717,21889.532,7.620,1888,259,5,0,0
1718,21896.046,6.514,1888,259,5,0,0
1719,21905.068,9.022,1888,259,5,0,0
1720,21913.573,8.505,1888,259,5,0,0
1721,21918.009,4.437,1888,259,5,0,0
1722,21924.611,6.602,1888,259,5,0,0
1723,21931.273,6.662,1888,259,5,0,0
1724,21938.047,6.773,1888,259,5,0,0
1725,21944.798,6.751,1888,259,5,0,0
1726,21951.248,6.450,1888,259,5,0,0
1727,21959.027,7.779,1888,259,5,0,0
1728,21965.791,6.765,1888,259,5,0,0
1729,21972.885,7.094,1888,259,5,0,0
1730,21979.271,6.386,1888,259,5,0,0
1731,21985.829,6.558,1888,259,5,0,0
1732,21993.523,7.694,1888,259,5,0,0
1733,22000.478,6.955,1888,259,5,0,0
1734,22007.128,6.650,1888,259,5,0,0
1735,22014.730,7.601,1888,259,5,0,0
1736,22021.727,6.997,1888,259,5,0,0
1737,22032.042,10.315,1888,259,5,0,0
1738,22035.739,3.696,1888,259,5,0,0
1739,22042.411,6.672,1888,259,5,0,0
1740,22049.128,6.716,1888,259,5,0,0
1741,22055.652,6.524,1888,259,5,0,0
1742,22066.856,11.205,1888,259,5,0,0
1743,22070.518,3.661,1888,259,5,0,0
1744,22076.938,6.421,1888,259,5,0,0
1745,22083.843,6.905,1888,259,5,0,0
1746,22090.777,6.934,1888,259,5,0,0
1747,22097.607,6.829,1888,259,5,0,0
1748,22104.064,6.457,1888,259,5,0,0
1749,22112.508,8.444,1888,259,5,0,0
1750,22119.523,7.014,1888,259,5,0,0
1751,22128.363,8.840,1888,259,5,0,0
1752,22132.904,4.541,1888,259,5,0,0
1753,22139.055,6.151,1888,259,5,0,0
1754,22147.024,7.970,1888,259,5,0,0
1755,22152.109,5.084,1888,259,5,0,0
1756,22160.187,8.079,1888,259,5,0,0
1757,22167.531,7.344,1888,259,5,0,0
1758,22174.596,7.064,1888,259,5,0,0
1759,22182.035,7.439,1888,259,5,0,0
1760,22189.278,7.244,1888,259,5,0,0
1761,22193.826,4.547,1888,259,5,0,0
1762,22202.547,8.721,1888,259,5,0,0
1763,22209.482,6.935,1888,259,5,0,0
1764,22216.377,6.895,1888,259,5,0,0
1765,22223.320,6.943,1888,259,5,0,0
1766,22230.259,6.940,1888,259,5,0,0
1767,22237.193,6.934,1888,259,5,0,0
1768,22243.942,6.749,1888,259,5,0,0
1769,22250.735,6.792,1888,259,5,0,0
1770,22257.688,6.953,1888,259,5,0,0
1771,22264.666,6.978,1888,259,5,0,0
1772,22271.482,6.816,1888,259,5,0,0
1773,22278.136,6.653,1888,259,5,0,0
1774,22284.850,6.714,1888,259,5,0,0
1775,22292.547,7.697,1888,259,5,0,0
1776,22302.478,9.931,1888,259,5,0,0
1777,22306.393,3.916,1888,259,5,0,0
1778,22313.255,6.861,1888,259,5,0,0
1779,22319.995,6.740,1888,259,5,0,0
1780,22326.728,6.732,1888,259,5,0,0
1781,22333.166,6.439,1888,259,5,0,0
1782,22341.768,8.602,1888,259,5,0,0
1783,22347.115,5.348,1888,259,5,0,0
1784,22356.081,8.966,1888,259,5,0,0
1785,22361.260,5.179,1888,259,5,0,0
1786,22368.480,7.220,1888,259,5,0,0
1787,22376.124,7.643,1888,259,5,0,0
1788,22382.832,6.708,1888,259,5,0,0
1789,22389.724,6.892,1888,259,5,0,0
1790,22396.361,6.637,1888,259,5,0,0
1791,22405.953,9.592,1888,259,5,0,0
1792,22409.867,3.914,1888,259,5,0,0
1793,22417.556,7.689,1888,259,5,0,0
1794,22424.263,6.707,1888,259,5,0,0
1795,22431.107,6.845,1888,259,5,0,0
1796,22438.033,6.926,1888,259,5,0,0
1797,22446.486,8.452,1888,259,5,0,0
1798,22451.487,5.002,1888,259,5,0,0
1799,22459.302,7.815,1888,259,5,0,0
1800,22466.204,6.901,1888,259,5,0,0
1801,22474.593,8.389,1888,259,5,0,1
1802,22480.077,5.485,1888,259,5,0,0
1803,22487.283,7.206,1888,259,5,0,0
1804,22492.145,4.862,1888,259,5,0,0
1805,22500.660,8.515,1888,259,5,0,0
1806,22508.269,7.609,1888,259,5,0,0
1807,22512.995,4.727,1888,259,5,0,0
1808,22521.455,8.460,1888,259,5,0,0
1809,22527.467,6.012,1888,259,5,0,0
1810,22535.536,8.069,1888,259,5,0,0
1811,22545.613,10.077,1888,259,5,0,0
1812,22549.325,3.712,1888,259,5,0,0
1813,22555.996,6.671,1888,259,5,0,0
1814,22562.945,6.949,1888,259,5,0,0
1815,22569.232,6.287,1888,259,5,0,0
1816,22576.734,7.502,1888,259,5,0,0
1817,22583.399,6.665,1888,259,5,0,0
1818,22589.907,6.509,1888,259,5,0,0
1819,22597.451,7.544,1888,259,5,0,0
1820,22603.841,6.390,1888,259,5,0,0
1821,22612.067,8.226,1888,259,5,0,0
1822,22618.641,6.574,1888,259,5,0,0
1823,22625.385,6.744,1888,259,5,0,0
1824,22631.447,6.061,1888,259,5,0,0
1825,22639.255,7.808,1888,259,5,0,0
1826,22645.539,6.284,1888,259,5,0,0
1827,22653.441,7.902,1888,259,5,0,0
1828,22660.318,6.877,1888,259,5,0,0
1829,22666.844,6.526,1888,259,5,0,0
1830,22673.261,6.417,1888,259,5,0,0
1831,22681.165,7.904,1888,259,5,0,0
1832,22688.093,6.928,1888,259,5,0,0
1833,22694.920,6.827,1888,259,5,0,0
1834,22701.712,6.792,1888,259,5,0,0
1835,22708.353,6.640,1888,259,5,0,0
1836,22718.254,9.902,1888,259,5,0,0
1837,22721.669,3.414,1888,259,5,0,0
1838,22729.716,8.047,1888,259,5,0,0
1839,22736.384,6.668,1888,259,5,0,0
1840,22742.435,6.051,1888,259,5,0,0
1841,22752.914,10.479,1888,259,5,0,0
1842,22756.425,3.511,1888,259,5,0,0
1843,22764.258,7.833,1888,259,5,0,0
1844,22775.014,10.756,1888,259,5,0,0
1845,22778.357,3.343,1888,259,5,0,0
1846,22785.358,7.002,1888,259,5,0,0
1847,22792.431,7.073,1888,259,5,0,0
1848,22798.997,6.566,1888,259,5,0,0
1849,22806.026,7.029,1888,259,5,0,0
1850,22812.932,6.906,1888,259,5,0,0
1851,22819.387,6.455,1888,259,5,0,0
1852,22826.946,7.559,1888,259,5,0,0
1853,22833.935,6.990,1888,259,5,0,0
1854,22844.114,10.178,1888,259,5,0,0
1855,22847.432,3.318,1888,259,5,0,0
1856,22853.772,6.340,1888,259,5,0,0
1857,22861.621,7.849,1888,259,5,0,0
1858,22868.438,6.817,1888,259,5,0,0
1859,22875.694,7.256,1888,259,5,0,0
1860,22881.660,5.965,1888,259,5,0,0
1861,22889.293,7.633,1888,259,5,0,0
1862,22896.242,6.949,1888,259,5,0,0
1863,22902.759,6.516,1888,259,5,0,0
1864,22910.526,7.767,1888,259,5,0,0
1865,22917.734,7.208,1888,259,5,0,0
1866,22924.519,6.785,1888,259,5,0,0
1867,22931.805,7.287,1888,259,5,0,0
1868,22938.184,6.378,1888,259,5,0,0
1869,22945.063,6.879,1888,259,5,0,0
1870,22951.793,6.731,1888,259,5,0,0
1871,22959.023,7.230,1888,259,5,0,0
1872,22965.427,6.403,1888,259,5,0,0
1873,22972.070,6.643,1888,259,5,0,0
1874,22979.663,7.593,1888,259,5,0,0
1875,22986.646,6.983,1888,259,5,0,0
1876,22993.809,7.164,1888,259,5,0,0
1877,23000.708,6.898,1888,259,5,0,0
1878,23010.443,9.736,1888,259,5,0,0
1879,23014.033,3.590,1888,259,5,0,0
1880,23022.009,7.976,1888,259,5,0,0
1881,23026.932,4.923,1888,259,5,0,0
1882,23035.125,8.193,1888,259,5,0,0
1883,23042.765,7.640,1888,259,5,0,0
1884,23047.885,5.121,1888,259,5,0,0
1885,23056.164,8.279,1888,259,5,0,0
1886,23062.160,5.995,1888,259,5,0,0
1887,23070.199,8.039,1888,259,5,0,0
1888,23076.937,6.739,1888,259,5,0,0
1889,23083.678,6.740,1888,259,5,0,0
1890,23090.010,6.332,1888,259,5,0,0
1891,23097.879,7.869,1888,259,5,0,0
1892,23104.717,6.838,1888,259,5,0,0
1893,23111.282,6.565,1888,259,5,0,0
1894,23119.389,8.107,1888,259,5,0,0
1895,23128.923,9.534,1888,259,5,0,0
1896,23133.195,4.272,1888,259,5,0,0
1897,23139.728,6.533,1888,259,5,0,0
1898,23146.393,6.666,1888,259,5,0,0
1899,23153.011,6.618,1888,259,5,0,0
1900,23159.392,6.381,1888,259,5,0,0
1901,23167.139,7.746,1888,259,5,0,0
1902,23176.750,9.612,1888,259,5,0,0
1903,23179.946,3.196,1888,259,5,0,0
1904,23187.941,7.995,1888,259,5,0,0
1905,23194.512,6.571,1888,259,5,0,0
1906,23205.939,11.427,1888,259,5,0,0
1907,23209.320,3.380,1888,259,5,0,0
1908,23217.081,7.762,1888,259,5,0,0
1909,23223.857,6.776,1888,259,5,0,0
1910,23228.738,4.881,1888,259,5,0,0
1911,23237.280,8.542,1888,259,5,0,0
1912,23246.917,9.638,1888,259,5,0,0
1913,23251.043,4.125,1888,259,5,0,0
1914,23257.717,6.675,1888,259,5,0,0
1915,23264.652,6.935,1888,259,5,0,0
1916,23272.017,7.365,1888,259,5,0,0
1917,23278.592,6.575,1888,259,5,0,0
1918,23285.452,6.859,1888,259,5,0,0
1919,23292.178,6.726,1888,259,5,0,0
1920,23298.469,6.292,1888,259,5,0,0
1921,23306.341,7.872,1888,259,5,0,0
1922,23313.095,6.754,1888,259,5,0,0
1923,23320.274,7.179,1888,259,5,0,0
1924,23327.019,6.745,1888,259,5,0,0
1925,23333.818,6.799,1888,259,5,0,0
1926,23340.505,6.687,1888,259,5,0,0
1927,23346.875,6.369,1888,259,5,0,0
1928,23354.564,7.689,1888,259,5,0,0
1929,23361.713,7.150,1888,259,5,0,0
1930,23367.886,6.173,1888,259,5,0,0
1931,23375.865,7.980,1888,259,5,0,0
1932,23382.434,6.569,1888,259,5,0,0
1933,23389.144,6.710,1888,259,5,0,0
1934,23396.053,6.909,1888,259,5,0,0
1935,23402.178,6.124,1888,259,5,0,0
1936,23410.007,7.830,1888,259,5,0,0
1937,23416.896,6.889,1888,259,5,0,0
1938,23424.725,7.828,1888,259,5,0,0
1939,23429.655,4.931,1888,259,5,0,0
1940,23438.203,8.548,1888,259,5,0,0
1941,23444.106,5.903,1888,259,5,0,0
1942,23451.917,7.811,1888,259,5,0,0
1943,23461.736,9.819,1888,259,5,0,0
1944,23465.403,3.667,1888,259,5,0,0
1945,23473.446,8.043,1888,259,5,0,0
1946,23478.217,4.772,1888,259,5,0,0
1947,23486.426,8.208,1888,259,5,0,0
1948,23493.936,7.510,1888,259,5,0,0
1949,23500.906,6.970,1888,259,5,0,0
1950,23508.064,7.158,1888,259,5,0,0
1951,23513.197,5.133,1888,259,5,0,0
1952,23524.015,10.818,1888,259,5,0,0
1953,23527.657,3.643,1888,259,5,0,0
1954,23535.531,7.873,1888,259,5,0,0
1955,23542.254,6.724,1888,259,5,0,0
1956,23548.744,6.490,1888,259,5,0,0
1957,23556.655,7.910,1888,259,5,0,0
1958,23561.761,5.106,1888,259,5,0,0
1959,23570.218,8.457,1888,259,5,0,0
1960,23576.115,5.898,1888,259,5,0,0
1961,23584.645,8.529,1888,259,5,0,0
1962,23591.851,7.206,1888,259,5,0,0
1963,23597.046,5.195,1888,259,5,0,0
1964,23605.564,8.519,1888,259,5,0,0
1965,23612.559,6.995,1888,259,5,0,0
1966,23619.174,6.615,1888,259,5,0,0
1967,23625.815,6.640,1888,259,5,0,0
1968,23632.779,6.965,1888,259,5,0,0
1969,23639.546,6.767,1888,259,5,0,0
1970,23646.355,6.809,1888,259,5,0,0
1971,23653.111,6.756,1888,259,5,0,0
1972,23659.717,6.605,1888,259,5,0,0
1973,23667.556,7.839,1888,259,5,0,0
1974,23674.538,6.982,1888,259,5,0,0
1975,23681.306,6.768,1888,259,5,0,0
1976,23688.377,7.071,1888,259,5,0,0
1977,23695.149,6.772,1888,259,5,0,0
1978,23701.778,6.629,1888,259,5,0,0
1979,23708.071,6.293,1888,259,5,0,0
1980,23715.787,7.715,1888,259,5,0,0
1981,23723.356,7.570,1888,259,5,0,0
1982,23730.378,7.021,1888,259,5,0,0
1983,23737.496,7.118,1888,259,5,0,0
1984,23744.565,7.069,1888,259,5,0,0
1985,23749.481,4.916,1888,259,5,0,0
1986,23758.072,8.591,1888,259,5,0,0
1987,23764.943,6.871,1888,259,5,0,0
1988,23772.213,7.270,1888,259,5,0,0
1989,23779.096,6.883,1888,259,5,0,0
1990,23786.561,7.465,1888,259,5,0,0
1991,23792.721,6.160,1888,259,5,0,0
1992,23800.053,7.331,1888,259,5,0,0
1993,23806.986,6.934,1888,259,5,0,0
1994,23812.284,5.298,1888,259,5,0,0
1995,23821.123,8.839,1888,259,5,0,0
1996,23827.510,6.388,1888,259,5,0,0
1997,23834.343,6.833,1888,259,5,0,0
1998,23841.169,6.825,1888,259,5,0,0
1999,23848.296,7.127,1888,259,5,0,0
2000,23858.231,9.935,1888,259,5,0,0
2001,23861.832,3.601,1888,259,5,0,0
2002,23868.700,6.868,1888,259,5,0,0
2003,23875.967,7.266,1888,259,5,0,0
2004,23883.236,7.269,1888,259,5,0,0
2005,23887.995,4.759,1888,259,5,0,0
2006,23896.015,8.021,1888,259,5,0,0
2007,23904.403,8.387,1888,259,5,0,0
2008,23911.889,7.486,1888,259,5,0,0
2009,23916.977,5.088,1888,259,5,0,0
2010,23925.384,8.407,1888,259,5,0,0
2011,23931.306,5.922,1888,259,5,0,0
2012,23938.182,6.876,1888,259,5,0,0
2013,23945.012,6.830,1888,259,5,0,0
2014,23950.846,5.834,1888,259,5,0,0
2015,23962.208,11.363,1888,259,5,0,0
2016,23965.959,3.750,1888,259,5,0,0
2017,23972.842,6.883,1888,259,5,0,0
2018,23979.478,6.636,1888,259,5,0,0
2019,23987.416,7.939,1888,259,5,0,0
2020,23992.583,5.167,1888,259,5,0,0
2021,24003.291,10.707,1888,259,5,0,0
2022,24006.920,3.629,1888,259,5,0,0
2023,24015.003,8.083,1888,259,5,0,0
2024,24020.343,5.340,1888,259,5,0,0
2025,24028.583,8.240,1888,259,5,0,0
2026,24034.554,5.971,1888,259,5,0,0
2027,24042.619,8.066,1888,259,5,0,0
2028,24049.836,7.216,1888,259,5,0,0
2029,24054.665,4.829,1888,259,5,0,0
2030,24063.256,8.591,1888,259,5,0,0
2031,24069.056,5.800,1888,259,5,0,0
2032,24076.723,7.667,1888,259,5,0,0
2033,24083.003,6.280,1888,259,5,0,0
2034,24090.746,7.742,1888,259,5,0,0
2035,24097.595,6.849,1888,259,5,0,0
2036,24104.130,6.536,1888,259,5,0,0
2037,24111.771,7.641,1888,259,5,0,0
2038,24118.476,6.704,1888,259,5,0,0
2039,24125.436,6.960,1888,259,5,0,0
2040,24133.171,7.735,1888,259,5,0,0
2041,24141.885,8.713,1888,259,5,0,0
2042,24145.881,3.996,1888,259,5,0,0
2043,24153.311,7.431,1888,259,5,0,0
2044,24160.071,6.759,1888,259,5,0,0
2045,24170.846,10.775,1888,259,5,0,0
2046,24174.681,3.835,1888,259,5,0,0
2047,24181.371,6.690,1888,259,5,0,0
2048,24188.235,6.864,1888,259,5,0,0
2049,24195.042,6.807,1888,259,5,0,0
2050,24201.713,6.671,1888,259,5,0,0
2051,24208.195,6.482,1888,259,5,0,0
2052,24216.143,7.948,1888,259,5,0,0
2053,24223.215,7.073,1888,259,5,0,0
2054,24230.047,6.831,1888,259,5,0,0
2055,24240.057,10.010,1888,259,5,0,0
2056,24243.561,3.504,1888,259,5,0,0
2057,24250.500,6.940,1888,259,5,0,0
2058,24257.432,6.932,1888,259,5,0,0
2059,24264.034,6.602,1888,259,5,0,0
2060,24270.561,6.527,1888,259,5,0,0
2061,24278.443,7.882,1888,259,5,0,0
2062,24285.296,6.852,1888,259,5,0,0
2063,24292.008,6.712,1888,259,5,0,0
2064,24298.230,6.221,1888,259,5,0,0
2065,24306.051,7.822,1888,259,5,0,0
2066,24312.739,6.688,1888,259,5,0,0
2067,24319.296,6.557,1888,259,5,0,0
2068,24327.489,8.193,1888,259,5,0,0
2069,24334.617,7.128,1888,259,5,0,0
2070,24341.555,6.938,1888,259,5,0,0
2071,24351.620,10.065,1888,259,5,0,0
2072,24355.318,3.698,1888,259,5,0,0
2073,24362.188,6.871,1888,259,5,0,0
2074,24369.006,6.817,1888,259,5,0,0
2075,24375.719,6.714,1888,259,5,0,0
2076,24382.438,6.719,1888,259,5,0,0
2077,24389.301,6.863,1888,259,5,0,0
2078,24396.556,7.254,1888,259,5,0,0
2079,24402.704,6.149,1888,259,5,0,0
2080,24410.516,7.812,1888,259,5,0,0
2081,24417.333,6.816,1888,259,5,0,0
2082,24424.069,6.737,1888,259,5,0,0
2083,24430.462,6.392,1888,259,5,0,0
2084,24441.371,10.909,1888,259,5,0,0
2085,24445.037,3.667,1888,259,5,0,0
2086,24451.263,6.226,1888,259,5,0,0
2087,24458.829,7.566,1888,259,5,0,0
2088,24465.884,7.055,1888,259,5,0,0
2089,24472.638,6.754,1888,259,5,0,0
2090,24478.816,6.178,1888,259,5,0,0
2091,24486.585,7.769,1888,259,5,0,0
2092,24493.452,6.867,1888,259,5,0,0
2093,24500.322,6.870,1888,259,5,0,0
2094,24507.072,6.751,1888,259,5,0,0
2095,24515.245,8.172,1888,259,5,0,0
2096,24520.269,5.024,1888,259,5,0,0
2097,24528.644,8.375,1888,259,5,0,0
2098,24535.534,6.890,1888,259,5,0,0
2099,24542.042,6.508,1888,259,5,0,0
2100,24548.783,6.741,1888,259,5,0,0
2101,24556.701,7.918,1888,259,5,0,0
2102,24563.397,6.696,1888,259,5,0,0
2103,24570.393,6.995,1888,259,5,0,0
2104,24576.878,6.485,1888,259,5,0,0
2105,24583.924,7.046,1888,259,5,0,0
2106,24590.787,6.863,1888,259,5,0,0
2107,24597.289,6.502,1888,259,5,0,0
2108,24604.893,7.604,1888,259,5,0,0
2109,24611.698,6.805,1888,259,5,0,0
2110,24618.642,6.944,1888,259,5,0,0
2111,24625.370,6.728,1888,259,5,0,0
2112,24631.734,6.365,1888,259,5,0,0
2113,24639.299,7.564,1888,259,5,0,0
2114,24645.986,6.687,1888,259,5,0,0
2115,24652.400,6.415,1888,259,5,0,0
2116,24662.678,10.277,1888,259,5,0,0
2117,24668.061,5.384,1888,259,5,0,0
2118,24674.861,6.800,1888,259,5,0,0
2119,24681.370,6.509,1888,259,5,0,0
2120,24688.298,6.928,1888,259,5,0,0
2121,24696.312,8.014,1888,259,5,0,0
2122,24702.073,5.760,1888,259,5,0,0
2123,24708.702,6.630,1888,259,5,0,0
2124,24715.127,6.425,1888,259,5,0,0
2125,24722.877,7.750,1888,259,5,0,0
2126,24729.695,6.818,1888,259,5,0,0
2127,24736.742,7.046,1888,259,5,0,0
2128,24743.486,6.744,1888,259,5,0,0
2129,24748.934,5.448,1888,259,5,0,0
2130,24757.187,8.252,1888,259,5,0,0
2131,24764.860,7.673,1888,259,5,0,0
2132,24772.070,7.210,1888,259,5,0,0
2133,24779.050,6.981,1888,259,5,0,0
2134,24785.729,6.679,1888,259,5,0,0
2135,24792.740,7.011,1888,259,5,0,0
2136,24799.317,6.577,1888,259,5,0,0
2137,24809.479,10.162,1888,259,5,0,0
2138,24813.005,3.526,1888,259,5,0,0
2139,24819.259,6.254,1888,259,5,0,0
2140,24826.930,7.671,1888,259,5,0,0
2141,24834.024,7.094,1888,259,5,0,0
2142,24840.262,6.238,1888,259,5,0,0
2143,24848.192,7.930,1888,259,5,0,0
2144,24854.704,6.512,1888,259,5,0,0
2145,24861.282,6.578,1888,259,5,0,0
2146,24868.019,6.736,1888,259,5,0,0
2147,24876.119,8.100,1888,259,5,0,0
2148,24882.796,6.677,1888,259,5,0,0
2149,24889.524,6.729,1888,259,5,0,0
2150,24896.366,6.842,1888,259,5,0,0
2151,24903.059,6.693,1888,259,5,0,0
2152,24911.036,7.976,1888,259,5,0,0
2153,24917.871,6.835,1888,259,5,0,0
2154,24922.919,5.048,1888,259,5,0,0
2155,24930.578,7.659,1888,259,5,0,0
2156,24938.508,7.930,1888,259,5,0,0
2157,24945.230,6.722,1888,259,5,0,0
2158,24952.110,6.880,1888,259,5,0,0
2159,24958.751,6.641,1888,259,5,0,0
2160,24966.203,7.452,1888,259,5,0,0
2161,24973.351,7.148,1888,259,5,0,0
2162,24979.894,6.543,1888,259,5,0,0
2163,24986.730,6.836,1888,259,5,0,0
2164,24993.769,7.039,1888,259,5,0,0
2165,25000.547,6.778,1888,259,5,0,0
2166,25007.347,6.801,1888,259,5,0,0
2167,25025.138,17.790,1888,259,5,0,0
2168,25029.221,4.083,1888,259,5,0,0
2169,25032.993,3.772,1888,259,5,0,0
2170,25037.092,4.099,1888,259,5,0,0
2171,25042.664,5.571,1888,259,5,0,0
2172,25047.969,5.305,1888,259,5,0,0
2173,25055.034,7.065,1888,259,5,0,0
2174,25065.528,10.494,1888,259,5,0,0
2175,25069.356,3.828,1888,259,5,0,0
2176,25079.294,9.939,1888,259,5,0,0
2177,25082.720,3.426,1888,259,5,0,0
2178,25089.792,7.072,1888,259,5,0,0
2179,25100.175,10.383,1888,259,5,0,0
2180,25103.805,3.630,1888,259,5,0,0
2181,25110.315,6.510,1888,259,5,0,0
2182,25117.710,7.395,1888,259,5,0,0
2183,25124.371,6.661,1888,259,5,0,0
2184,25131.688,7.317,1888,259,5,0,0
2185,25138.448,6.759,1888,259,5,0,0
2186,25145.374,6.927,1888,259,5,0,0
2187,25152.172,6.797,1888,259,5,0,0
2188,25158.947,6.776,1888,259,5,0,0
2189,25166.128,7.181,1888,259,5,0,0
2190,25176.601,10.473,1888,259,5,0,0
2191,25179.920,3.318,1888,259,5,0,0
2192,25186.772,6.852,1888,259,5,0,0
2193,25194.391,7.619,1888,259,5,0,0
2194,25201.297,6.906,1888,259,5,0,0
2195,25207.877,6.580,1888,259,5,0,0
2196,25214.897,7.020,1888,259,5,0,0
2197,25221.945,7.048,1888,259,5,0,0
2198,25231.953,10.008,1888,259,5,0,0
2199,25239.136,7.183,1888,259,5,0,0
2200,25242.945,3.809,1888,259,5,0,0
2201,25253.019,10.074,1888,259,5,0,0
2202,25259.969,6.950,1888,259,5,0,0
2203,25263.718,3.749,1888,259,5,0,0
2204,25270.294,6.576,1888,259,5,0,0
2205,25277.076,6.781,1888,259,5,0,0
2206,25283.837,6.762,1888,259,5,0,0
2207,25291.129,7.292,1888,259,5,0,0
2208,25297.859,6.731,1888,259,5,0,0
2209,25304.796,6.937,1888,259,5,0,0
2210,25311.801,7.004,1888,259,5,0,0
2211,25318.634,6.833,1888,259,5,0,0
2212,25325.944,7.311,1888,259,5,0,0
2213,25332.574,6.629,1888,259,5,0,0
2214,25339.485,6.911,1888,259,5,0,0
2215,25346.551,7.066,1888,259,5,0,0
2216,25353.629,7.078,1888,259,5,0,0
2217,25364.145,10.515,1888,259,5,0,0
2218,25367.582,3.437,1888,259,5,0,0
2219,25374.623,7.042,1888,259,5,0,0
2220,25381.296,6.673,1888,259,5,0,0
2221,25388.316,7.019,1888,259,5,0,0
2222,25395.187,6.872,1888,259,5,0,0
2223,25402.453,7.266,1888,259,5,0,0
2224,25409.132,6.679,1888,259,5,0,0
2225,25416.315,7.184,1888,259,5,0,0
2226,25423.063,6.748,1888,259,5,0,0
2227,25429.953,6.890,1888,259,5,0,0
2228,25440.294,10.341,1888,259,5,0,0
2229,25444.350,4.056,1888,259,5,0,0
2230,25454.387,10.037,1888,259,5,0,0
2231,25457.670,3.283,1888,259,5,0,0
2232,25465.240,7.570,1888,259,5,0,0
2233,25471.942,6.702,1888,259,5,0,0
2234,25478.645,6.703,1888,259,5,0,0
2235,25488.889,10.243,1888,259,5,0,0
2236,25492.535,3.646,1888,259,5,0,0
2237,25499.500,6.966,1888,259,5,0,0
2238,25506.649,7.149,1888,259,5,0,0
2239,25513.417,6.768,1888,259,5,0,0
2240,25520.074,6.657,1888,259,5,0,0
2241,25527.419,7.345,1888,259,5,0,0
2242,25534.252,6.833,1888,259,5,0,0
2243,25541.120,6.868,1888,259,5,0,0
2244,25548.041,6.921,1888,259,5,0,0
2245,25554.841,6.800,1888,259,5,0,0
2246,25561.921,7.080,1888,259,5,0,0
2247,25568.914,6.993,1888,259,5,0,0
2248,25576.034,7.120,1888,259,5,0,0
2249,25582.707,6.673,1888,259,5,0,0
2250,25589.641,6.934,1888,259,5,0,0
2251,25596.722,7.082,1888,259,5,0,0
2252,25603.416,6.693,1888,259,5,0,0
2253,25610.400,6.985,1888,259,5,0,0
2254,25617.546,7.146,1888,259,5,0,0
2255,25624.278,6.731,1888,259,5,0,0
2256,25631.257,6.980,1888,259,5,0,0
2257,25638.203,6.946,1888,259,5,0,0
2258,25645.408,7.205,1888,259,5,0,0
2259,25652.287,6.878,1888,259,5,0,0
2260,25659.086,6.800,1888,259,5,0,0
2261,25666.176,7.090,1888,259,5,0,0
2262,25672.785,6.609,1888,259,5,0,0
2263,25679.853,7.068,1888,259,5,0,0
2264,25687.056,7.203,1888,259,5,0,0
2265,25693.908,6.853,1888,259,5,0,0
2266,25701.167,7.259,1888,259,5,0,0
2267,25708.017,6.850,1888,259,5,0,0
2268,25715.004,6.987,1888,259,5,0,0
2269,25721.788,6.785,1888,259,5,0,0
2270,25728.301,6.513,1888,259,5,0,0
2271,25735.488,7.187,1888,259,5,0,0
2272,25742.494,7.007,1888,259,5,0,0
2273,25749.800,7.305,1888,259,5,0,0
2274,25756.151,6.352,1888,259,5,0,0
2275,25766.794,10.642,1888,259,5,0,0
2276,25773.768,6.974,1888,259,5,0,0
2277,25777.170,3.403,1888,259,5,0,0
2278,25787.676,10.506,1888,259,5,0,0
2279,25791.074,3.398,1888,259,5,0,0
2280,25797.978,6.904,1888,259,5,0,0
2281,25804.921,6.943,1888,259,5,0,0
2282,25811.789,6.868,1888,259,5,0,0
2283,25822.443,10.655,1888,259,5,0,0
2284,25825.871,3.428,1888,259,5,0,0
2285,25832.634,6.762,1888,259,5,0,0
2286,25840.507,7.873,1888,259,5,0,0
2287,25847.485,6.978,1888,259,5,0,0
2288,25854.386,6.901,1888,259,5,0,0
2289,25861.252,6.865,1888,259,5,0,0
2290,25868.176,6.924,1888,259,5,0,0
2291,25875.083,6.907,1888,259,5,0,0
2292,25881.696,6.613,1888,259,5,0,0
2293,25889.079,7.383,1888,259,5,0,0
2294,25895.479,6.400,1888,259,5,0,0
2295,25905.774,10.295,1888,259,5,0,0
2296,25909.515,3.742,1888,259,5,0,0
2297,25916.159,6.644,1888,259,5,0,0
2298,25923.324,7.165,1888,259,5,0,0
2299,25929.912,6.587,1888,259,5,0,0
2300,25937.092,7.180,1888,259,5,0,0
2301,25943.688,6.596,1888,259,5,0,0
2302,25951.316,7.628,1888,259,5,0,0
2303,25961.311,9.995,1888,259,5,0,0
2304,25964.761,3.449,1888,259,5,0,0
2305,25971.773,7.013,1888,259,5,0,0
2306,25978.601,6.827,1888,259,5,0,0
2307,25985.287,6.686,1888,259,5,0,0
2308,25996.158,10.871,1888,259,5,0,0
2309,25999.669,3.511,1888,259,5,0,0
2310,26006.249,6.580,1888,259,5,0,0
2311,26013.217,6.968,1888,259,5,0,0
2312,26020.149,6.932,1888,259,5,0,0
2313,26027.302,7.152,1888,259,5,0,0
2314,26034.174,6.872,1888,259,5,0,0
2315,26041.407,7.233,1888,259,5,0,0
2316,26048.118,6.712,1888,259,5,0,0
2317,26055.044,6.926,1888,259,5,0,0
2318,26065.526,10.481,1888,259,5,0,0
2319,26069.412,3.887,1888,259,5,0,0
2320,26076.461,7.049,1888,259,5,0,0
2321,26083.598,7.137,1888,259,5,0,0
2322,26090.777,7.178,1888,259,5,0,0
2323,26097.470,6.694,1888,259,5,0,0
2324,26104.281,6.811,1888,259,5,0,0
2325,26111.269,6.988,1888,259,5,0,0
2326,26117.863,6.595,1888,259,5,0,0
2327,26124.741,6.878,1888,259,5,0,0
2328,26131.535,6.794,1888,259,5,0,0
2329,26141.921,10.386,1888,259,5,0,0
2330,26145.263,3.342,1888,259,5,0,0
2331,26152.393,7.130,1888,259,5,0,0
2332,26159.408,7.015,1888,259,5,0,0
2333,26166.067,6.659,1888,259,5,0,0
2334,26173.156,7.088,1888,259,5,0,0
2335,26179.826,6.670,1888,259,5,0,0
2336,26186.914,7.088,1888,259,5,0,0
2337,26193.965,7.051,1888,259,5,0,0
2338,26200.739,6.775,1888,259,5,0,0
2339,26207.738,6.998,1888,259,5,0,0
2340,26214.935,7.197,1888,259,5,0,0
2341,26221.708,6.773,1888,259,5,0,0
2342,26228.501,6.793,1888,259,5,0,0
2343,26235.318,6.818,1888,259,5,0,0
2344,26242.265,6.947,1888,259,5,0,0
2345,26249.377,7.111,1888,259,5,0,0
2346,26256.778,7.401,1888,259,5,0,0
2347,26263.195,6.417,1888,259,5,0,0
2348,26270.343,7.148,1888,259,5,0,0
2349,26277.256,6.912,1888,259,5,0,0
2350,26284.107,6.851,1888,259,5,0,0
2351,26290.863,6.756,1888,259,5,0,0
2352,26298.032,7.169,1888,259,5,0,0
2353,26305.489,7.458,1888,259,5,0,0
2354,26313.401,7.912,1888,259,5,0,0
2355,26319.419,6.018,1888,259,5,0,0
2356,26326.540,7.122,1888,259,5,0,0
2357,26333.172,6.631,1888,259,5,0,0
2358,26343.213,10.041,1888,259,5,0,0
2359,26347.113,3.900,1888,259,5,0,0
2360,26353.916,6.803,1888,259,5,0,0
2361,26360.607,6.691,1888,259,5,0,0
2362,26367.386,6.779,1888,259,5,0,0
2363,26374.509,7.123,1888,259,5,0,0
2364,26381.335,6.826,1888,259,5,0,0
2365,26388.276,6.941,1888,259,5,0,0
2366,26395.196,6.920,1888,259,5,0,0
2367,26402.286,7.090,1888,259,5,0,0
2368,26409.632,7.346,1888,259,5,0,0
2369,26416.009,6.377,1888,259,5,0,0
2370,26423.240,7.231,1888,259,5,0,0
2371,26429.785,6.546,1888,259,5,0,0
2372,26436.773,6.988,1888,259,5,0,0
2373,26443.475,6.701,1888,259,5,0,0
2374,26450.677,7.202,1888,259,5,0,0
2375,26458.058,7.382,1888,259,5,0,0
2376,26464.593,6.535,1888,259,5,0,0
2377,26471.725,7.132,1888,259,5,0,0
2378,26478.569,6.843,1888,259,5,0,0
2379,26485.440,6.871,1888,259,5,0,0
2380,26492.778,7.338,1888,259,5,0,0
2381,26499.392,6.613,1888,259,5,0,0
2382,26506.343,6.952,1888,259,5,0,0
2383,26513.282,6.938,1888,259,5,0,0
2384,26519.997,6.716,1888,259,5,0,0
2385,26527.175,7.178,1888,259,5,0,0
2386,26534.120,6.944,1888,259,5,0,0
2387,26541.058,6.938,1888,259,5,0,0
2388,26548.053,6.995,1888,259,5,0,0
2389,26554.845,6.792,1888,259,5,0,0
2390,26562.407,7.563,1888,259,5,0,0
2391,26569.248,6.841,1888,259,5,0,0
2392,26576.434,7.186,1888,259,5,0,0
2393,26583.309,6.875,1888,259,5,0,0
2394,26590.635,7.326,1888,259,5,0,0
2395,26597.607,6.972,1888,259,5,0,0
2396,26603.672,6.065,1888,259,5,0,0
2397,26610.759,7.087,1888,259,5,0,0
2398,26617.283,6.524,1888,259,5,0,0
2399,26624.438,7.155,1888,259,5,0,0
2400,26631.424,6.986,1888,259,5,0,0
2401,26638.327,6.904,1888,259,5,0,0
2402,26645.180,6.853,1888,259,5,0,0
2403,26652.015,6.835,1888,259,5,0,0
2404,26659.014,7.000,1888,259,5,0,0
2405,26666.282,7.268,1888,259,5,0,0
2406,26673.183,6.902,1888,259,5,0,0
2407,26679.911,6.728,1888,259,5,0,0
2408,26686.847,6.936,1888,259,5,0,0
2409,26693.917,7.070,1888,259,5,0,0
2410,26701.020,7.104,1888,259,5,0,0
2411,26707.959,6.939,1888,259,5,0,0
2412,26714.680,6.721,1888,259,5,0,0
2413,26721.559,6.880,1888,259,5,0,0
2414,26728.502,6.942,1888,259,5,0,0
2415,26735.311,6.809,1888,259,5,0,0
2416,26742.353,7.043,1888,259,5,0,0
2417,26749.416,7.063,1888,259,5,0,0
2418,26756.060,6.643,1888,259,5,0,0
2419,26763.691,7.631,1888,259,5,0,0
2420,26770.202,6.511,1888,259,5,0,0
2421,26777.175,6.973,1888,259,5,0,0
2422,26784.029,6.854,1888,259,5,0,0
2423,26791.389,7.360,1888,259,5,0,0
2424,26798.377,6.988,1888,259,5,0,0
2425,26808.517,10.139,1888,259,5,0,0
2426,26811.828,3.312,1888,259,5,0,0
2427,26818.667,6.839,1888,259,5,0,0
2428,26826.070,7.403,1888,259,5,0,0
2429,26832.801,6.731,1888,259,5,0,0
2430,26839.886,7.085,1888,259,5,0,0
2431,26846.549,6.663,1888,259,5,0,0
2432,26853.810,7.261,1888,259,5,0,0
2433,26860.972,7.161,1888,259,5,0,0
2434,26867.516,6.544,1888,259,5,0,0
2435,26875.380,7.864,1888,259,5,0,0
2436,26885.119,9.739,1888,259,5,0,0
2437,26888.751,3.632,1888,259,5,0,0
2438,26896.210,7.459,1888,259,5,0,0
2439,26902.472,6.262,1888,259,5,0,0
2440,26910.139,7.667,1888,259,5,0,0
2441,26916.476,6.336,1888,259,5,0,0
2442,26923.476,7.001,1888,259,5,0,0
2443,26930.477,7.001,1888,259,5,0,0
2444,26937.522,7.045,1888,259,5,0,0
2445,26944.319,6.797,1888,259,5,0,0
2446,26951.196,6.877,1888,259,5,0,0
2447,26958.578,7.382,1888,259,5,0,0
2448,26965.459,6.881,1888,259,5,0,0
2449,26971.895,6.436,1888,259,5,0,0
2450,26978.719,6.825,1888,259,5,0,0
2451,26985.615,6.896,1888,259,5,0,0
2452,26992.423,6.807,1888,259,5,0,0
2453,26999.372,6.949,1888,259,5,0,0
2454,27010.089,10.717,1888,259,5,0,0
2455,27014.748,4.659,1888,259,5,0,0
2456,27024.675,9.927,1888,259,5,0,0
2457,27028.854,4.179,1888,259,5,0,0
2458,27038.122,9.268,1888,259,5,0,0
2459,27041.894,3.772,1888,259,5,0,0
2460,27048.708,6.814,1888,259,5,0,0
2461,27055.613,6.905,1888,259,5,0,0
2462,27062.501,6.888,1888,259,5,0,0
2463,27072.661,10.160,1888,259,5,0,0
2464,27076.194,3.533,1888,259,5,0,0
2465,27082.773,6.579,1888,259,5,0,0
2466,27089.654,6.881,1888,259,5,0,0
2467,27096.713,7.059,1888,259,5,0,0
2468,27104.198,7.484,1888,259,5,0,0
2469,27111.338,7.140,1888,259,5,0,0
2470,27118.797,7.460,1888,259,5,0,0
2471,27127.353,8.556,1888,259,5,0,0
2472,27133.123,5.770,1888,259,5,0,0
2473,27140.008,6.885,1888,259,5,0,0
2474,27147.189,7.182,1888,259,5,0,0
2475,27154.164,6.975,1888,259,5,0,0
2476,27159.922,5.758,1888,259,5,0,0
2477,27168.142,8.220,1888,259,5,0,0
2478,27173.857,5.715,1888,259,5,0,0
2479,27181.912,8.055,1888,259,5,0,0
2480,27189.615,7.703,1888,259,5,0,0
2481,27195.594,5.979,1888,259,5,0,0
2482,27202.656,7.062,1888,259,5,0,0
2483,27210.495,7.839,1888,259,5,0,0
2484,27216.607,6.112,1888,259,5,0,0
2485,27224.168,7.561,1888,259,5,0,0
2486,27229.813,5.645,1888,259,5,0,0
2487,27237.232,7.418,1888,259,5,0,0
2488,27244.191,6.959,1888,259,5,0,0
2489,27251.127,6.936,1888,259,5,0,0
2490,27257.872,6.745,1888,259,5,0,0
2491,27265.236,7.365,1888,259,5,0,0
2492,27272.246,7.009,1888,259,5,0,0
2493,27280.962,8.716,1888,259,5,0,0
2494,27285.443,4.481,1888,259,5,0,0
2495,27292.101,6.658,1888,259,5,0,0
2496,27299.795,7.694,1888,259,5,0,0
2497,27307.050,7.254,1888,259,5,0,0
2498,27312.314,5.264,1888,259,5,0,0
2499,27323.865,11.551,1888,259,5,0,0
2500,27327.952,4.087,1888,259,5,0,0
2501,27332.864,4.913,1888,259,5,0,0
2502,27340.982,8.118,1888,259,5,0,0
2503,27349.532,8.551,1888,259,5,0,0
2504,27354.387,4.854,1888,259,5,0,0
2505,27363.652,9.265,1888,259,5,0,0
2506,27368.014,4.362,1888,259,5,0,0
2507,27376.744,8.730,1888,259,5,0,0
2508,27385.600,8.856,1888,259,5,0,0
2509,27390.645,5.045,1888,259,5,0,0
2510,27398.107,7.463,1888,259,5,0,0
2511,27404.466,6.358,1888,259,5,0,0
2512,27409.707,5.241,1888,259,5,0,0
2513,27417.605,7.898,1888,259,5,0,0
2514,27423.784,6.179,1888,259,5,0,0
2515,27434.874,11.090,1888,259,5,0,0
2516,27438.596,3.722,1888,259,5,0,0
2517,27445.394,6.798,1888,259,5,0,0
2518,27452.100,6.706,1888,259,5,0,0
2519,27459.312,7.212,1888,259,5,0,0
2520,27466.206,6.894,1888,259,5,0,0
2521,27473.698,7.491,1888,259,5,0,0
2522,27478.545,4.848,1888,259,5,0,0
2523,27488.291,9.746,1888,259,5,0,0
2524,27494.238,5.948,1888,259,5,0,0
2525,27501.164,6.925,1888,259,5,0,0
2526,27511.424,10.260,1888,259,5,0,0
2527,27516.254,4.830,1888,259,5,0,0
2528,27522.179,5.925,1888,259,5,0,0
2529,27527.401,5.222,1888,259,5,0,0
2530,27535.621,8.220,1888,259,5,0,0
2531,27541.684,6.063,1888,259,5,0,0
2532,27549.714,8.030,1888,259,5,0,0
2533,27559.840,10.126,1888,259,5,0,0
2534,27563.143,3.303,1888,259,5,0,0
2535,27570.298,7.155,1888,259,5,0,0
2536,27576.405,6.107,1888,259,5,0,0
2537,27584.205,7.800,1888,259,5,0,0
2538,27590.911,6.707,1888,259,5,0,0
2539,27597.622,6.711,1888,259,5,0,0
2540,27603.692,6.070,1888,259,5,0,0
2541,27612.124,8.432,1888,259,5,0,0
2542,27618.835,6.711,1888,259,5,0,0
2543,27625.879,7.044,1888,259,5,0,0
2544,27632.642,6.762,1888,259,5,0,0
2545,27639.311,6.670,1888,259,5,0,0
2546,27649.022,9.711,1888,259,5,0,0
2547,27652.327,3.304,1888,259,5,0,0
2548,27660.013,7.686,1888,259,5,0,0
2549,27666.692,6.678,1888,259,5,0,0
2550,27675.942,9.251,1888,259,5,0,0
2551,27681.725,5.783,1888,259,5,0,0
2552,27689.277,7.552,1888,259,5,0,0
2553,27694.060,4.782,1888,259,5,0,0
2554,27702.451,8.392,1888,259,5,0,0
2555,27709.202,6.751,1888,259,5,0,0
2556,27715.848,6.646,1888,259,5,0,0
2557,27722.934,7.087,1888,259,5,0,0
2558,27733.347,10.413,1888,259,5,0,0
2559,27737.224,3.877,1888,259,5,0,0
2560,27744.229,7.005,1888,259,5,0,0
2561,27751.340,7.110,1888,259,5,0,0
2562,27757.986,6.646,1888,259,5,0,0
2563,27764.626,6.640,1888,259,5,0,0
2564,27771.961,7.335,1888,259,5,0,0
2565,27778.758,6.797,1888,259,5,0,0
2566,27786.482,7.725,1888,259,5,0,0
2567,27791.057,4.574,1888,259,5,0,0
2568,27801.615,10.558,1888,259,5,0,0
2569,27805.480,3.866,1888,259,5,0,0
2570,27813.552,8.072,1888,259,5,0,0
2571,27820.871,7.319,1888,259,5,0,0
2572,27825.779,4.907,1888,259,5,0,0
2573,27834.301,8.523,1888,259,5,0,0
2574,27840.566,6.264,1888,259,5,0,0
2575,27849.079,8.513,1888,259,5,0,0
2576,27858.369,9.290,1888,259,5,0,0
2577,27862.897,4.528,1888,259,5,0,0
2578,27867.443,4.546,1888,259,5,0,0
2579,27875.974,8.531,1888,259,5,0,0
2580,27882.051,6.078,1888,259,5,0,0
2581,27890.398,8.346,1888,259,5,0,0
2582,27895.473,5.075,1888,259,5,0,0
2583,27903.890,8.417,1888,259,5,0,0
2584,27913.399,9.509,1888,259,5,0,0
2585,27917.700,4.301,1888,259,5,0,0
2586,27924.847,7.147,1888,259,5,0,0
2587,27934.859,10.012,1888,259,5,0,0
2588,27938.575,3.716,1888,259,5,0,0
2589,27945.235,6.660,1888,259,5,0,0
2590,27952.019,6.784,1888,259,5,0,0
2591,27958.861,6.842,1888,259,5,0,0
2592,27965.792,6.931,1888,259,5,0,0
2593,27972.302,6.510,1888,259,5,0,0
2594,27980.156,7.854,1888,259,5,0,0
2595,27987.144,6.988,1888,259,5,0,0
2596,27994.099,6.956,1888,259,5,0,0
2597,28000.746,6.646,1888,259,5,0,0
2598,28007.469,6.724,1888,259,5,0,0
2599,28014.336,6.866,1888,259,5,0,0
2600,28020.610,6.274,1888,259,5,0,0
2601,28028.354,7.745,1888,259,5,0,0
2602,28035.132,6.777,1888,259,5,0,0
2603,28042.410,7.278,1888,259,5,0,0
2604,28049.257,6.847,1888,259,5,0,0
2605,28056.059,6.802,1888,259,5,0,0
2606,28062.324,6.265,1888,259,5,0,0
2607,28070.202,7.879,1888,259,5,0,0
2608,28077.328,7.125,1888,259,5,0,0
2609,28084.225,6.897,1888,259,5,0,0
2610,28091.001,6.776,1888,259,5,0,0
2611,28097.730,6.729,1888,259,5,0,0
2612,28104.327,6.597,1888,259,5,0,0
2613,28112.507,8.180,1888,259,5,0,0
2614,28117.897,5.390,1888,259,5,0,0
2615,28126.653,8.756,1888,259,5,0,0
2616,28131.320,4.667,1888,259,5,0,0
2617,28139.345,8.024,1888,259,5,0,0
2618,28146.792,7.447,1888,259,5,0,0
2619,28153.597,6.804,1888,259,5,0,0
2620,28160.353,6.756,1888,259,5,0,0
2621,28167.385,7.032,1888,259,5,0,0
2622,28175.254,7.869,1888,259,5,0,0
2623,28182.008,6.754,1888,259,5,0,0
2624,28186.875,4.867,1888,259,5,0,0
2625,28195.367,8.491,1888,259,5,0,0
2626,28201.285,5.918,1888,259,5,0,0
2627,28209.114,7.830,1888,259,5,0,0
2628,28216.194,7.079,1888,259,5,0,0
2629,28224.039,7.845,1888,259,5,0,0
2630,28228.917,4.878,1888,259,5,0,0
2631,28236.903,7.985,1888,259,5,0,0
2632,28243.225,6.322,1888,259,5,0,0
2633,28251.149,7.924,1888,259,5,0,0
2634,28259.152,8.003,1888,259,5,0,0
2635,28268.301,9.149,1888,259,5,0,0
2636,28272.355,4.054,1888,259,5,0,0
2637,28277.220,4.865,1888,259,5,0,0
2638,28288.213,10.994,1888,259,5,0,0
2639,28292.194,3.980,1888,259,5,0,0
2640,28299.765,7.572,1888,259,5,0,0
2641,28305.018,5.253,1888,259,5,0,0
2642,28313.144,8.126,1888,259,5,0,0
2643,28319.437,6.292,1888,259,5,0,0
2644,28327.365,7.928,1888,259,5,0,0
2645,28334.238,6.873,1888,259,5,0,0
2646,28340.953,6.715,1888,259,5,0,0
2647,28350.684,9.731,1888,259,5,0,0
2648,28354.478,3.794,1888,259,5,0,0
2649,28361.043,6.565,1888,259,5,0,0
2650,28369.244,8.202,1888,259,5,0,0
2651,28376.917,7.672,1888,259,5,0,0
2652,28384.000,7.084,1888,259,5,0,0
2653,28389.842,5.842,1888,259,5,0,0
2654,28396.857,7.015,1888,259,5,0,0
2655,28404.098,7.240,1888,259,5,0,0
2656,28414.050,9.953,1888,259,5,0,0
2657,28418.010,3.959,1888,259,5,0,0
2658,28422.941,4.931,1888,259,5,0,0
2659,28431.186,8.245,1888,259,5,0,0
2660,28438.926,7.739,1888,259,5,0,0
2661,28444.148,5.222,1888,259,5,0,0
2662,28452.559,8.411,1888,259,5,0,0
2663,28462.387,9.828,1888,259,5,0,0
2664,28466.101,3.714,1888,259,5,0,0
2665,28473.005,6.904,1888,259,5,0,0
2666,28479.684,6.679,1888,259,5,0,0
2667,28485.776,6.092,1888,259,5,0,0
2668,28493.793,8.017,1888,259,5,0,0
2669,28500.423,6.630,1888,259,5,0,0
2670,28507.049,6.626,1888,259,5,0,0
2671,28515.044,7.995,1888,259,5,0,0
2672,28521.839,6.795,1888,259,5,0,0
2673,28528.592,6.754,1888,259,5,0,0
2674,28535.154,6.561,1888,259,5,0,0
2675,28541.955,6.801,1888,259,5,0,0
2676,28548.698,6.743,1888,259,5,0,0
2677,28556.747,8.049,1888,259,5,0,0
2678,28563.731,6.983,1888,259,5,0,0
2679,28570.539,6.808,1888,259,5,0,0
2680,28577.460,6.921,1888,259,5,0,0
2681,28584.847,7.387,1888,259,5,0,0
2682,28589.796,4.949,1888,259,5,0,0
2683,28597.940,8.144,1888,259,5,0,0
2684,28605.289,7.349,1888,259,5,0,0
2685,28612.345,7.056,1888,259,5,0,0
2686,28621.389,9.045,1888,259,5,0,0
2687,28625.350,3.961,1888,259,5,0,0
2688,28632.933,7.583,1888,259,5,0,0
2689,28640.067,7.133,1888,259,5,0,0
2690,28647.007,6.941,1888,259,5,0,0
2691,28653.727,6.720,1888,259,5,0,0
2692,28660.540,6.813,1888,259,5,0,0
2693,28667.403,6.864,1888,259,5,0,0
2694,28674.509,7.106,1888,259,5,0,0
2695,28681.436,6.927,1888,259,5,0,0
2696,28688.524,7.087,1888,259,5,0,0
2697,28695.459,6.935,1888,259,5,0,0
2698,28702.763,7.304,1888,259,5,0,0
2699,28712.736,9.973,1888,259,5,0,0
2700,28716.597,3.861,1888,259,5,0,0
2701,28721.736,5.139,1888,259,5,0,0
2702,28730.258,8.523,1888,259,5,0,0
2703,28736.960,6.703,1888,259,5,0,0
2704,28743.892,6.931,1888,259,5,0,0
2705,28750.702,6.810,1888,259,5,0,0
2706,28756.962,6.260,1888,259,5,0,0
2707,28764.823,7.861,1888,259,5,0,0
2708,28772.212,7.389,1888,259,5,0,0
2709,28778.852,6.640,1888,259,5,0,0
2710,28785.760,6.908,1888,259,5,0,0
2711,28792.683,6.923,1888,259,5,0,0
2712,28799.492,6.809,1888,259,5,0,0
2713,28806.388,6.896,1888,259,5,0,0
2714,28813.263,6.875,1888,259,5,0,0
2715,28820.359,7.096,1888,259,5,0,0
2716,28827.266,6.906,1888,259,5,0,0
2717,28834.211,6.945,1888,259,5,0,0
2718,28841.203,6.993,1888,259,5,0,0
2719,28848.040,6.837,1888,259,5,0,0
2720,28854.987,6.947,1888,259,5,0,0
2721,28861.998,7.011,1888,259,5,0,0
2722,28869.604,7.606,1888,259,5,0,0
2723,28878.922,9.317,1888,259,5,0,0
2724,28883.323,4.402,1888,259,5,0,0
2725,28893.020,9.697,1888,259,5,0,0
2726,28896.520,3.499,1888,259,5,0,0
2727,28903.575,7.055,1888,259,5,0,0
2728,28910.878,7.303,1888,259,5,0,0
2729,28918.295,7.417,1888,259,5,0,0
2730,28923.295,4.999,1888,259,5,0,0
2731,28934.372,11.077,1888,259,5,0,0
2732,28938.255,3.883,1888,259,5,0,0
2733,28945.296,7.041,1888,259,5,0,0
2734,28952.255,6.959,1888,259,5,0,0
2735,28959.297,7.043,1888,259,5,0,0
2736,28965.512,6.214,1888,259,5,0,0
2737,28973.470,7.958,1888,259,5,0,0
2738,28978.815,5.345,1888,259,5,0,0
2739,28986.999,8.184,1888,259,5,0,0
2740,28994.328,7.329,1888,259,5,0,0
2741,28999.346,5.018,1888,259,5,0,0
2742,29007.828,8.481,1888,259,5,0,0
2743,29013.848,6.020,1888,259,5,0,0
2744,29022.030,8.182,1888,259,5,0,0
2745,29029.138,7.109,1888,259,5,0,0
2746,29036.303,7.165,1888,259,5,0,0
2747,29043.019,6.717,1888,259,5,0,0
2748,29050.214,7.194,1888,259,5,0,0
2749,29055.485,5.271,1888,259,5,0,0
2750,29063.355,7.871,1888,259,5,0,0
2751,29069.982,6.627,1888,259,5,0,0
2752,29076.270,6.288,1888,259,5,0,0
2753,29084.687,8.417,1888,259,5,0,0
2754,29092.009,7.322,1888,259,5,0,0
2755,29097.060,5.051,1888,259,5,0,0
2756,29105.254,8.193,1888,259,5,0,0
2757,29111.698,6.444,1888,259,5,0,0
2758,29121.915,10.217,1888,259,5,0,0
2759,29125.657,3.742,1888,259,5,0,0
2760,29132.554,6.897,1888,259,5,0,0
2761,29139.390,6.835,1888,259,5,0,0
2762,29145.618,6.229,1888,259,5,0,0
2763,29153.370,7.751,1888,259,5,0,0
2764,29160.534,7.165,1888,259,5,0,0
2765,29167.869,7.335,1888,259,5,0,0
2766,29174.858,6.989,1888,259,5,0,0
2767,29181.259,6.401,1888,259,5,0,0
2768,29188.479,7.220,1888,259,5,0,0
2769,29195.368,6.888,1888,259,5,0,0
2770,29202.007,6.639,1888,259,5,0,0
2771,29208.921,6.914,1888,259,5,0,0
2772,29215.601,6.680,1888,259,5,0,0
2773,29223.699,8.098,1888,259,5,0,0
2774,29228.695,4.997,1888,259,5,0,0
2775,29236.492,7.797,1888,259,5,0,0
2776,29244.346,7.854,1888,259,5,0,0
2777,29249.404,5.058,1888,259,5,0,0
2778,29257.782,8.378,1888,259,5,0,0
2779,29264.003,6.221,1888,259,5,0,0
2780,29271.989,7.986,1888,259,5,0,0
2781,29278.725,6.736,1888,259,5,0,0
2782,29289.029,10.304,1888,259,5,0,0
2783,29292.912,3.884,1888,259,5,0,0
2784,29299.772,6.859,1888,259,5,0,0
2785,29306.696,6.925,1888,259,5,0,0
2786,29313.564,6.867,1888,259,5,0,0
2787,29320.512,6.948,1888,259,5,0,0
2788,29327.142,6.630,1888,259,5,0,0
2789,29333.707,6.565,1888,259,5,0,0
2790,29340.127,6.421,1888,259,5,0,0
2791,29347.954,7.826,1888,259,5,0,0
2792,29354.723,6.770,1888,259,5,0,0
2793,29361.530,6.806,1888,259,5,0,0
2794,29369.446,7.916,1888,259,5,0,0
2795,29374.479,5.033,1888,259,5,0,0
2796,29386.374,11.895,1888,259,5,0,0
2797,29390.155,3.780,1888,259,5,0,0
2798,29395.319,5.165,1888,259,5,0,0
2799,29403.712,8.393,1888,259,5,0,0
2800,29410.057,6.345,1888,259,5,0,0
2801,29416.301,6.244,1888,259,5,0,0
2802,29424.214,7.914,1888,259,5,0,0
2803,29431.351,7.137,1888,259,5,0,0
2804,29438.141,6.790,1888,259,5,0,0
2805,29445.450,7.309,1888,259,5,0,0
2806,29452.379,6.928,1888,259,5,0,0
2807,29459.198,6.820,1888,259,5,0,0
2808,29466.214,7.015,1888,259,5,0,0
2809,29473.772,7.558,1888,259,5,0,0
2810,29478.904,5.132,1888,259,5,0,0
2811,29485.908,7.004,1888,259,5,0,0
2812,29493.449,7.541,1888,259,5,0,0
2813,29499.828,6.379,1888,259,5,0,0
2814,29507.002,7.174,1888,259,5,0,0
2815,29513.576,6.574,1888,259,5,0,0
2816,29520.620,7.044,1888,259,5,0,0
2817,29527.406,6.786,1888,259,5,0,0
2818,29534.481,7.075,1888,259,5,0,0
2819,29541.199,6.718,1888,259,5,0,0
2820,29547.985,6.786,1888,259,5,0,0
2821,29555.253,7.268,1888,259,5,0,0
2822,29561.992,6.739,1888,259,5,0,0
2823,29569.143,7.152,1888,259,5,0,0
2824,29575.923,6.779,1888,259,5,0,0
2825,29582.881,6.958,1888,259,5,0,0
2826,29589.978,7.097,1888,259,5,0,0
2827,29596.898,6.920,1888,259,5,0,0
2828,29603.740,6.842,1888,259,5,0,0
2829,29611.035,7.294,1888,259,5,0,0
2830,29617.449,6.415,1888,259,5,0,0
2831,29624.654,7.205,1888,259,5,0,0
2832,29631.374,6.720,1888,259,5,0,0
2833,29638.216,6.842,1888,259,5,0,0
2834,29645.223,7.007,1888,259,5,0,0
2835,29652.104,6.881,1888,259,5,0,0
2836,29659.171,7.067,1888,259,5,0,0
2837,29666.257,7.086,1888,259,5,0,0
2838,29672.928,6.671,1888,259,5,0,0
2839,29680.207,7.279,1888,259,5,0,0
2840,29687.649,7.442,1888,259,5,0,0
2841,29694.858,7.209,1888,259,5,0,0
2842,29701.732,6.875,1888,259,5,0,0
2843,29708.268,6.535,1888,259,5,0,0
2844,29715.512,7.244,1888,259,5,0,0
2845,29722.208,6.697,1888,259,5,0,0
2846,29729.003,6.795,1888,259,5,0,0
2847,29736.003,6.999,1888,259,5,0,0
2848,29745.989,9.986,1888,259,5,0,0
2849,29749.962,3.974,1888,259,5,0,0
2850,29756.394,6.432,1888,259,5,0,0
2851,29763.372,6.978,1888,259,5,0,0
2852,29774.157,10.786,1888,259,5,0,0
2853,29778.000,3.842,1888,259,5,0,0
2854,29784.170,6.171,1888,259,5,0,0
2855,29791.481,7.311,1888,259,5,0,0
2856,29798.381,6.899,1888,259,5,0,0
2857,29805.143,6.763,1888,259,5,0,0
2858,29811.901,6.758,1888,259,5,0,0
2859,29818.879,6.978,1888,259,5,0,0
2860,29825.982,7.103,1888,259,5,0,0
2861,29832.907,6.925,1888,259,5,0,0
2862,29839.759,6.852,1888,259,5,0,0
2863,29846.557,6.798,1888,259,5,0,0
2864,29853.479,6.923,1888,259,5,0,0
2865,29860.579,7.100,1888,259,5,0,0
2866,29867.916,7.337,1888,259,5,0,0
2867,29874.495,6.580,1888,259,5,0,0
2868,29881.431,6.936,1888,259,5,0,0
2869,29888.262,6.831,1888,259,5,0,0
2870,29896.062,7.800,1888,259,5,0,0
2871,29902.244,6.182,1888,259,5,0,0
2872,29909.266,7.022,1888,259,5,0,0
2873,29916.463,7.197,1888,259,5,0,0
2874,29923.313,6.851,1888,259,5,0,0
2875,29930.363,7.049,1888,259,5,0,0
2876,29936.982,6.619,1888,259,5,0,0
2877,29943.856,6.874,1888,259,5,0,0
2878,29950.944,7.088,1888,259,5,0,0
2879,29958.123,7.180,1888,259,5,0,0
2880,29964.906,6.782,1888,259,5,0,0
2881,29971.795,6.889,1888,259,5,0,0
2882,29978.575,6.780,1888,259,5,0,0
2883,29985.725,7.149,1888,259,5,0,0
2884,29992.733,7.009,1888,259,5,0,0
2885,30000.035,7.302,1888,259,5,0,0
2886,30006.791,6.757,1888,259,5,0,0
2887,30014.091,7.300,1888,259,5,0,0
2888,30024.003,9.912,1888,259,5,0,0
2889,30027.531,3.528,1888,259,5,0,0
2890,30034.065,6.534,1888,259,5,0,0
2891,30041.084,7.019,1888,259,5,0,0
2892,30051.743,10.658,1888,259,5,0,0
2893,30055.334,3.591,1888,259,5,0,0
2894,30062.517,7.183,1888,259,5,0,0
2895,30070.128,7.611,1888,259,5,0,0
2896,30076.850,6.721,1888,259,5,0,0
2897,30083.141,6.291,1888,259,5,0,0
2898,30090.114,6.972,1888,259,5,0,0
2899,30097.070,6.956,1888,259,5,0,0
2900,30103.728,6.658,1888,259,5,0,0
2901,30110.473,6.744,1888,259,5,0,0
2902,30118.573,8.100,1888,259,5,0,0
2903,30128.424,9.852,1888,259,5,0,0
2904,30134.829,6.404,1888,259,5,0,0
2905,30138.818,3.989,1888,259,5,0,0
2906,30145.446,6.627,1888,259,5,0,0
2907,30153.181,7.735,1888,259,5,0,0
2908,30159.298,6.117,1888,259,5,0,0
2909,30166.775,7.478,1888,259,5,0,0
2910,30173.358,6.583,1888,259,5,0,0
2911,30181.043,7.685,1888,259,5,0,0
2912,30187.857,6.814,1888,259,5,0,0
2913,30195.096,7.239,1888,259,5,0,0
2914,30201.537,6.440,1888,259,5,0,0
2915,30209.335,7.798,1888,259,5,0,0
2916,30216.698,7.363,1888,259,5,0,0
2917,30222.537,5.839,1888,259,5,0,0
2918,30229.350,6.813,1888,259,5,0,0
2919,30236.256,6.906,1888,259,5,0,0
2920,30244.161,7.905,1888,259,5,0,0
2921,30251.249,7.088,1888,259,5,0,0
2922,30258.166,6.917,1888,259,5,0,0
2923,30265.759,7.593,1888,259,5,0,0
2924,30271.694,5.935,1888,259,5,0,0
2925,30278.378,6.684,1888,259,5,0,0
2926,30284.977,6.599,1888,259,5,0,0
2927,30291.678,6.701,1888,259,5,0,0
2928,30300.118,8.441,1888,259,5,0,0
2929,30307.165,7.046,1888,259,5,0,0
2930,30312.242,5.078,1888,259,5,0,0
2931,30321.300,9.058,1888,259,5,0,0
2932,30328.043,6.744,1888,259,5,0,0
2933,30334.732,6.688,1888,259,5,0,0
2934,30339.914,5.183,1888,259,5,0,0
2935,30347.871,7.957,1888,259,5,0,0
2936,30356.040,8.168,1888,259,5,0,0
2937,30361.215,5.175,1888,259,5,0,0
2938,30368.941,7.726,1888,259,5,0,0
2939,30376.411,7.470,1888,259,5,0,0
2940,30385.852,9.441,1888,259,5,0,0
2941,30389.985,4.133,1888,259,5,0,0
2942,30396.395,6.410,1888,259,5,0,0
2943,30403.188,6.793,1888,259,5,0,0
2944,30409.588,6.400,1888,259,5,0,0
2945,30417.949,8.361,1888,259,5,0,0
2946,30425.157,7.208,1888,259,5,0,0
2947,30432.209,7.052,1888,259,5,0,0
2948,30438.808,6.599,1888,259,5,0,0
2949,30443.994,5.185,1888,259,5,0,0
2950,30454.883,10.889,1888,259,5,0,0
2951,30458.906,4.023,1888,259,5,0,0
2952,30465.849,6.943,1888,259,5,0,0
2953,30472.566,6.717,1888,259,5,0,0
2954,30480.567,8.002,1888,259,5,0,0
2955,30485.654,5.087,1888,259,5,0,0
2956,30494.156,8.502,1888,259,5,0,0
2957,30500.677,6.522,1888,259,5,0,0
2958,30507.451,6.774,1888,259,5,0,0
2959,30514.160,6.709,1888,259,5,0,0
2960,30522.714,8.554,1888,259,5,0,0
2961,30529.004,6.290,1888,259,5,0,0
2962,30536.468,7.463,1888,259,5,0,0
2963,30541.548,5.080,1888,259,5,0,0
2964,30549.978,8.429,1888,259,5,0,0
2965,30556.391,6.413,1888,259,5,0,0
2966,30563.125,6.735,1888,259,5,0,0
2967,30569.768,6.643,1888,259,5,0,0
2968,30576.206,6.437,1888,259,5,0,0
2969,30583.590,7.384,1888,259,5,0,0
2970,30590.140,6.550,1888,259,5,0,0
2971,30601.364,11.225,1888,259,5,0,0
2972,30605.411,4.047,1888,259,5,0,0
2973,30611.933,6.521,1888,259,5,0,0
2974,30618.578,6.645,1888,259,5,0,0
2975,30624.900,6.323,1888,259,5,0,0
2976,30632.680,7.780,1888,259,5,0,0
2977,30639.517,6.836,1888,259,5,0,0
2978,30646.477,6.960,1888,259,5,0,0
2979,30652.429,5.953,1888,259,5,0,0
2980,30660.205,7.776,1888,259,5,0,0
2981,30666.643,6.438,1888,259,5,0,0
2982,30674.464,7.820,1888,259,5,0,0
2983,30681.498,7.034,1888,259,5,0,0
2984,30688.322,6.824,1888,259,5,0,0
2985,30695.157,6.836,1888,259,5,0,0
2986,30704.761,9.604,1888,259,5,0,0
2987,30708.384,3.623,1888,259,5,0,0
2988,30719.310,10.926,1888,259,5,0,0
2989,30723.356,4.046,1888,259,5,0,0
2990,30730.050,6.694,1888,259,5,0,0
2991,30736.875,6.825,1888,259,5,0,0
2992,30743.639,6.764,1888,259,5,0,0
2993,30753.218,9.580,1888,259,5,0,0
2994,30756.839,3.621,1888,259,5,0,0
2995,30765.260,8.421,1888,259,5,0,0
2996,30772.790,7.530,1888,259,5,0,0
2997,30778.110,5.320,1888,259,5,0,0
2998,30786.464,8.354,1888,259,5,0,0
2999,30795.952,9.488,1888,259,5,0,0
3000,30799.664,3.712,1888,259,5,0,0
3001,30806.789,7.125,1888,259,5,0,0
3002,30811.788,4.999,1888,259,5,0,0
3003,30820.138,8.350,1888,259,5,0,0
3004,30827.784,7.646,1888,259,5,0,0
3005,30832.650,4.866,1888,259,5,0,0
3006,30840.980,8.330,1888,259,5,0,0
3007,30847.539,6.559,1888,259,5,0,0
3008,30855.583,8.044,1888,259,5,0,0
3009,30860.927,5.344,1888,259,5,0,0
3010,30868.836,7.910,1888,259,5,0,0
3011,30876.400,7.564,1888,259,5,0,0
3012,30881.698,5.298,1888,259,5,0,0
3013,30889.935,8.237,1888,259,5,0,0
3014,30896.466,6.531,1888,259,5,0,0
3015,30903.485,7.019,1888,259,5,0,0
3016,30910.525,7.039,1888,259,5,0,0
3017,30917.603,7.079,1888,259,5,0,0
3018,30928.028,10.425,1888,259,5,0,0
3019,30931.336,3.308,1888,259,5,0,0
3020,30938.242,6.906,1888,259,5,0,0
3021,30944.682,6.440,1888,259,5,0,0
3022,30955.150,10.468,1888,259,5,0,0
3023,30958.759,3.609,1888,259,5,0,0
3024,30965.638,6.880,1888,259,5,0,0
3025,30972.038,6.400,1888,259,5,0,0
3026,30979.887,7.849,1888,259,5,0,0
3027,30986.613,6.726,1888,259,5,0,0
3028,30992.960,6.347,1888,259,5,0,0
3029,31000.805,7.845,1888,259,5,0,0
3030,31007.798,6.993,1888,259,5,0,0
3031,31014.392,6.595,1888,259,5,0,0
3032,31020.993,6.601,1888,259,5,0,0
3033,31029.068,8.075,1888,259,5,0,0
3034,31034.190,5.123,1888,259,5,0,0
3035,31042.733,8.543,1888,259,5,0,0
3036,31048.975,6.241,1888,259,5,0,0
3037,31055.224,6.249,1888,259,5,0,0
3038,31063.041,7.818,1888,259,5,0,0
3039,31070.309,7.268,1888,259,5,0,0
3040,31077.076,6.767,1888,259,5,0,0
3041,31084.061,6.985,1888,259,5,0,0
3042,31090.722,6.661,1888,259,5,0,0
3043,31101.997,11.275,1888,259,5,0,0
3044,31106.079,4.082,1888,259,5,0,0
3045,31112.333,6.254,1888,259,5,0,0
3046,31119.306,6.973,1888,259,5,0,0
3047,31126.300,6.994,1888,259,5,0,0
3048,31132.767,6.468,1888,259,5,0,0
3049,31139.556,6.789,1888,259,5,0,0
3050,31146.355,6.799,1888,259,5,0,0
3051,31157.441,11.086,1888,259,5,0,0
3052,31161.096,3.655,1888,259,5,0,0
3053,31168.069,6.973,1888,259,5,0,0
3054,31175.224,7.156,1888,259,5,0,0
3055,31179.913,4.689,1888,259,5,0,0
3056,31187.810,7.897,1888,259,5,0,0
3057,31195.133,7.323,1888,259,5,0,0
3058,31202.077,6.944,1888,259,5,0,0
3059,31208.961,6.884,1888,259,5,0,0
3060,31215.613,6.653,1888,259,5,0,0
3061,31221.812,6.199,1888,259,5,0,0
3062,31229.915,8.103,1888,259,5,0,0
3063,31236.557,6.642,1888,259,5,0,0
3064,31246.944,10.387,1888,259,5,0,0
3065,31250.866,3.922,1888,259,5,0,0
3066,31261.034,10.168,1888,259,5,0,0
3067,31264.524,3.490,1888,259,5,0,0
3068,31271.607,7.083,1888,259,5,0,0
3069,31278.164,6.557,1888,259,5,0,0
3070,31286.466,8.302,1888,259,5,0,0
3071,31293.057,6.591,1888,259,5,0,0
3072,31299.844,6.786,1888,259,5,0,0
3073,31310.469,10.626,1888,259,5,0,0
3074,31316.111,5.642,1888,259,5,0,0
3075,31320.034,3.922,1888,259,5,0,0
3076,31327.487,7.454,1888,259,5,0,0
3077,31333.745,6.258,1888,259,5,0,0
3078,31342.323,8.577,1888,259,5,0,0
3079,31348.367,6.044,1888,259,5,0,0
3080,31355.295,6.928,1888,259,5,0,0
3081,31362.207,6.913,1888,259,5,0,0
3082,31369.306,7.099,1888,259,5,0,0
3083,31375.935,6.629,1888,259,5,0,0
3084,31382.933,6.998,1888,259,5,0,0
3085,31389.521,6.588,1888,259,5,0,0
3086,31396.566,7.044,1888,259,5,0,0
3087,31403.165,6.600,1888,259,5,0,0
3088,31410.376,7.210,1888,259,5,0,0
3089,31416.807,6.431,1888,259,5,0,0
3090,31424.681,7.874,1888,259,5,0,0
3091,31431.775,7.095,1888,259,5,0,0
3092,31438.449,6.673,1888,259,5,0,0
3093,31445.271,6.822,1888,259,5,0,0
3094,31451.854,6.583,1888,259,5,0,0
3095,31458.056,6.202,1888,259,5,0,0
3096,31465.618,7.563,1888,259,5,0,0
3097,31472.808,7.190,1888,259,5,0,0
3098,31479.185,6.377,1888,259,5,0,0
3099,31487.444,8.259,1888,259,5,0,0
3100,31492.272,4.828,1888,259,5,0,0
3101,31500.453,8.181,1888,259,5,0,0
3102,31508.210,7.757,1888,259,5,0,0
3103,31514.910,6.700,1888,259,5,0,0
3104,31521.702,6.792,1888,259,5,0,0
3105,31528.465,6.763,1888,259,5,0,0
3106,31538.150,9.685,1888,259,5,0,0
3107,31541.934,3.785,1888,259,5,0,0
3108,31552.457,10.523,1888,259,5,0,0
3109,31555.999,3.542,1888,259,5,0,0
3110,31562.892,6.893,1888,259,5,0,0
3111,31570.086,7.194,1888,259,5,0,0
3112,31576.220,6.134,1888,259,5,0,0
3113,31583.970,7.751,1888,259,5,0,0
3114,31590.906,6.935,1888,259,5,0,0
3115,31597.656,6.751,1888,259,5,0,0
3116,31603.817,6.160,1888,259,5,0,0
3117,31611.539,7.723,1888,259,5,0,0
3118,31618.106,6.567,1888,259,5,0,0
3119,31625.826,7.720,1888,259,5,0,0
3120,31632.655,6.829,1888,259,5,0,0
3121,31639.358,6.703,1888,259,5,0,0
3122,31646.396,7.037,1888,259,5,0,0
3123,31653.541,7.146,1888,259,5,0,0
3124,31660.067,6.526,1888,259,5,0,0
3125,31666.359,6.292,1888,259,5,0,0
3126,31675.021,8.662,1888,259,5,0,0
3127,31681.511,6.490,1888,259,5,0,0
3128,31688.181,6.670,1888,259,5,0,0
3129,31694.694,6.513,1888,259,5,0,0
3130,31701.083,6.388,1888,259,5,0,0
3131,31708.879,7.796,1888,259,5,0,0
3132,31716.038,7.159,1888,259,5,0,0
3133,31722.673,6.635,1888,259,5,0,0
3134,31729.098,6.425,1888,259,5,0,0
3135,31736.929,7.831,1888,259,5,0,0
3136,31743.509,6.580,1888,259,5,0,0
3137,31750.193,6.684,1888,259,5,0,0
3138,31756.420,6.227,1888,259,5,0,0
3139,31763.876,7.456,1888,259,5,0,0
3140,31771.771,7.895,1888,259,5,0,0
3141,31778.388,6.617,1888,259,5,0,0
3142,31784.952,6.565,1888,259,5,0,0
3143,31791.568,6.616,1888,259,5,0,0
3144,31799.039,7.471,1888,259,5,0,0
3145,31806.009,6.970,1888,259,5,0,0
3146,31812.743,6.734,1888,259,5,0,0
3147,31820.714,7.971,1888,259,5,0,0
3148,31825.810,5.096,1888,259,5,0,0
3149,31834.404,8.594,1888,259,5,0,0
3150,31841.077,6.673,1888,259,5,0,0
3151,31848.004,6.926,1888,259,5,0,0
3152,31854.386,6.383,1888,259,5,0,0
3153,31862.247,7.861,1888,259,5,0,0
3154,31867.370,5.123,1888,259,5,0,0
3155,31876.220,8.850,1888,259,5,0,0
3156,31882.801,6.581,1888,259,5,0,0
3157,31889.871,7.070,1888,259,5,0,0
3158,31897.155,7.284,1888,259,5,0,0
3159,31903.913,6.758,1888,259,5,0,0
3160,31910.600,6.687,1888,259,5,0,0
3161,31920.931,10.331,1888,259,5,0,0
3162,31924.947,4.015,1888,259,5,0,0
3163,31930.031,5.084,1888,259,5,0,0
3164,31938.389,8.358,1888,259,5,0,0
3165,31944.862,6.473,1888,259,5,0,0
3166,31951.118,6.256,1888,259,5,0,0
3167,31958.854,7.736,1888,259,5,0,0
3168,31965.867,7.014,1888,259,5,0,0
3169,31972.775,6.907,1888,259,5,0,0
3170,31978.993,6.219,1888,259,5,0,0
3171,31986.610,7.617,1888,259,5,0,0
3172,31993.848,7.238,1888,259,5,0,0
3173,32000.554,6.705,1888,259,5,0,0
3174,32007.428,6.874,1888,259,5,0,0
3175,32014.271,6.843,1888,259,5,0,0
3176,32021.212,6.942,1888,259,5,0,0
3177,32027.879,6.667,1888,259,5,0,0
3178,32035.487,7.608,1888,259,5,0,0
3179,32042.542,7.055,1888,259,5,0,0
3180,32049.389,6.847,1888,259,5,0,0
3181,32056.099,6.710,1888,259,5,0,0
3182,32062.206,6.107,1888,259,5,0,0
3183,32070.044,7.838,1888,259,5,0,0
3184,32076.876,6.832,1888,259,5,0,0
3185,32083.104,6.227,1888,259,5,0,0
3186,32091.199,8.095,1888,259,5,0,0
3187,32097.986,6.788,1888,259,5,0,0
3188,32104.886,6.899,1888,259,5,0,0
3189,32111.766,6.880,1888,259,5,0,0
3190,32118.594,6.829,1888,259,5,0,0
3191,32126.640,8.045,1888,259,5,0,0
3192,32132.184,5.544,1888,259,5,0,0
3193,32140.034,7.851,1888,259,5,0,0
3194,32146.729,6.694,1888,259,5,0,0
3195,32153.720,6.991,1888,259,5,0,0
3196,32160.687,6.968,1888,259,5,0,0
3197,32170.737,10.050,1888,259,5,0,0
3198,32174.463,3.726,1888,259,5,0,0
3199,32181.475,7.012,1888,259,5,0,0
3200,32188.875,7.400,1888,259,5,0,0
3201,32195.953,7.078,1888,259,5,0,0
3202,32202.595,6.642,1888,259,5,0,0
3203,32208.031,5.437,1888,259,5,0,0
3204,32216.291,8.260,1888,259,5,0,0
3205,32222.862,6.571,1888,259,5,0,0
3206,32229.328,6.465,1888,259,5,0,0
3207,32237.130,7.802,1888,259,5,0,0
3208,32244.200,7.070,1888,259,5,0,0
3209,32251.500,7.299,1888,259,5,0,0
3210,32256.693,5.193,1888,259,5,0,0
3211,32264.177,7.484,1888,259,5,0,0
3212,32271.411,7.234,1888,259,5,0,0
3213,32278.073,6.662,1888,259,5,0,0
3214,32284.330,6.257,1888,259,5,0,0
3215,32292.122,7.791,1888,259,5,0,0
3216,32298.864,6.742,1888,259,5,0,0
3217,32305.299,6.435,1888,259,5,0,0
3218,32313.119,7.820,1888,259,5,0,0
3219,32320.085,6.967,1888,259,5,0,0
3220,32330.671,10.585,1888,259,5,0,0
3221,32334.424,3.754,1888,259,5,0,0
3222,32341.087,6.663,1888,259,5,0,0
3223,32349.319,8.231,1888,259,5,0,0
3224,32357.485,8.166,1888,259,5,0,0
3225,32360.990,3.505,1888,259,5,0,0
3226,32368.332,7.342,1888,259,5,0,0
3227,32375.946,7.614,1888,259,5,0,0
3228,32383.221,7.275,1888,259,5,0,0
3229,32389.623,6.403,1888,259,5,0,0
3230,32396.540,6.917,1888,259,5,0,0
3231,32403.214,6.674,1888,259,5,0,0
3232,32409.452,6.239,1888,259,5,0,0
3233,32417.214,7.761,1888,259,5,0,0
3234,32424.313,7.100,1888,259,5,0,0
3235,32430.638,6.325,1888,259,5,0,0
3236,32438.425,7.787,1888,259,5,0,0
3237,32445.424,6.999,1888,259,5,0,0
3238,32452.045,6.620,1888,259,5,0,0
3239,32458.563,6.519,1888,259,5,0,0
3240,32465.229,6.666,1888,259,5,0,0
3241,32473.042,7.812,1888,259,5,0,0
3242,32480.240,7.199,1888,259,5,0,0
3243,32487.391,7.150,1888,259,5,0,0
3244,32492.189,4.798,1888,259,5,0,0
3245,32500.412,8.222,1888,259,5,0,0
3246,32508.071,7.659,1888,259,5,0,0
3247,32515.104,7.033,1888,259,5,0,0
3248,32519.971,4.867,1888,259,5,0,0
3249,32528.743,8.772,1888,259,5,0,0
3250,32535.049,6.305,1888,259,5,0,0
3251,32542.864,7.816,1888,259,5,0,0
3252,32547.793,4.929,1888,259,5,0,0
3253,32556.124,8.331,1888,259,5,0,0
3254,32566.929,10.805,1888,259,5,0,0
3255,32570.547,3.618,1888,259,5,0,0
3256,32577.184,6.637,1888,259,5,0,0
3257,32583.978,6.794,1888,259,5,0,0
3258,32590.705,6.728,1888,259,5,0,0
3259,32597.528,6.823,1888,259,5,0,0
3260,32605.277,7.749,1888,259,5,0,0
3261,32612.014,6.737,1888,259,5,0,0
3262,32618.769,6.755,1888,259,5,0,0
3263,32629.103,10.334,1888,259,5,0,0
3264,32632.406,3.304,1888,259,5,0,0
3265,32639.191,6.785,1888,259,5,0,0
3266,32645.456,6.265,1888,259,5,0,0
3267,32656.649,11.193,1888,259,5,0,0
3268,32660.116,3.467,1888,259,5,0,0
3269,32666.846,6.730,1888,259,5,0,0
3270,32676.828,9.982,1888,259,5,0,0
3271,32679.796,2.968,1888,259,5,0,0
3272,32687.936,8.140,1888,259,5,0,0
3273,32698.707,10.771,1888,259,5,0,0
3274,32702.594,3.887,1888,259,5,0,0
3275,32709.522,6.928,1888,259,5,0,0
3276,32714.642,5.120,1888,259,5,0,0
3277,32722.519,7.877,1888,259,5,0,0
3278,32730.288,7.768,1888,259,5,0,0
3279,32737.248,6.961,1888,259,5,0,0
3280,32743.991,6.743,1888,259,5,0,0
3281,32750.853,6.862,1888,259,5,0,0
3282,32757.522,6.668,1888,259,5,0,0
3283,32764.533,7.011,1888,259,5,0,0
3284,32771.522,6.989,1888,259,5,0,0
3285,32778.198,6.676,1888,259,5,0,0
3286,32787.805,9.607,1888,259,5,0,0
3287,32791.330,3.525,1888,259,5,0,0
3288,32799.183,7.853,1888,259,5,0,0
3289,32805.969,6.786,1888,259,5,0,0
3290,32812.791,6.822,1888,259,5,0,0
3291,32819.135,6.344,1888,259,5,0,0
3292,32827.165,8.030,1888,259,5,0,0
3293,32833.490,6.324,1888,259,5,0,0
3294,32841.301,7.811,1888,259,5,0,0
3295,32848.396,7.096,1888,259,5,0,0
3296,32855.560,7.163,1888,259,5,0,0
3297,32860.264,4.704,1888,259,5,0,0
3298,32868.502,8.238,1888,259,5,0,0
3299,32876.112,7.610,1888,259,5,0,0
3300,32883.196,7.083,1888,259,5,0,0
3301,32888.355,5.160,1888,259,5,0,0
3302,32900.147,11.792,1888,259,5,0,0
3303,32904.262,4.115,1888,259,5,0,0
3304,32909.313,5.051,1888,259,5,0,0
3305,32918.488,9.175,1888,259,5,0,0
3306,32925.418,6.930,1888,259,5,0,0
3307,32930.397,4.979,1888,259,5,0,0
3308,32938.816,8.419,1888,259,5,0,0
3309,32945.588,6.772,1888,259,5,0,0
3310,32952.478,6.890,1888,259,5,0,0
3311,32959.311,6.833,1888,259,5,0,0
3312,32966.208,6.896,1888,259,5,0,0
3313,32973.397,7.189,1888,259,5,0,0
3314,32980.160,6.764,1888,259,5,0,0
3315,32987.324,7.163,1888,259,5,0,0
3316,32994.027,6.704,1888,259,5,0,0
3317,33001.125,7.097,1888,259,5,0,0
3318,33007.807,6.682,1888,259,5,0,0
3319,33014.866,7.059,1888,259,5,0,0
3320,33021.863,6.997,1888,259,5,0,0
3321,33029.152,7.289,1888,259,5,0,0
3322,33036.203,7.051,1888,259,5,0,0
3323,33042.779,6.576,1888,259,5,0,0
3324,33050.269,7.490,1888,259,5,0,0
3325,33054.872,4.603,1888,259,5,0,0
3326,33063.532,8.660,1888,259,5,0,0
3327,33070.429,6.897,1888,259,5,0,0
3328,33077.137,6.708,1888,259,5,0,0
3329,33084.342,7.205,1888,259,5,0,0
3330,33090.993,6.651,1888,259,5,0,0
3331,33097.310,6.317,1888,259,5,0,0
3332,33105.151,7.841,1888,259,5,0,0
3333,33112.391,7.240,1888,259,5,0,0
3334,33119.649,7.259,1888,259,5,0,0
3335,33124.792,5.142,1888,259,5,0,0
3336,33133.325,8.533,1888,259,5,0,0
3337,33139.925,6.600,1888,259,5,0,0
3338,33146.530,6.605,1888,259,5,0,0
3339,33153.154,6.624,1888,259,5,0,0
3340,33159.489,6.335,1888,259,5,0,0
3341,33167.415,7.926,1888,259,5,0,0
3342,33177.603,10.187,1888,259,5,0,0
3343,33180.904,3.301,1888,259,5,0,0
3344,33187.422,6.518,1888,259,5,0,0
3345,33195.420,7.998,1888,259,5,0,0
3346,33202.372,6.953,1888,259,5,0,0
3347,33209.026,6.653,1888,259,5,0,0
3348,33215.925,6.899,1888,259,5,0,0
3349,33223.377,7.452,1888,259,5,0,0
3350,33230.205,6.828,1888,259,5,0,0
3351,33237.571,7.366,1888,259,5,0,0
3352,33242.745,5.174,1888,259,5,0,0
3353,33251.685,8.940,1888,259,5,0,0
3354,33258.218,6.533,1888,259,5,0,0
3355,33265.412,7.194,1888,259,5,0,0
3356,33270.674,5.262,1888,259,5,0,0
3357,33278.710,8.036,1888,259,5,0,0
3358,33285.507,6.798,1888,259,5,0,0
3359,33292.274,6.767,1888,259,5,0,0
3360,33303.270,10.996,1888,259,5,0,0
3361,33307.249,3.978,1888,259,5,0,0
3362,33316.394,9.145,1888,259,5,0,0
3363,33320.234,3.841,1888,259,5,0,0
3364,33326.134,5.899,1888,259,5,0,0
3365,33336.039,9.906,1888,259,5,0,0
3366,33341.189,5.149,1888,259,5,0,0
3367,33356.623,15.434,1888,259,5,0,0
3368,33371.780,15.157,1888,259,5,0,0
3369,33386.445,14.666,1888,259,5,0,0
3370,33401.681,15.236,1888,259,5,0,0
3371,33419.402,17.721,1888,259,5,0,0
3372,33451.494,32.092,1888,259,5,0,0
3373,33455.468,3.974,1888,259,5,0,0
3374,33473.166,17.698,1888,259,5,0,0
3375,33491.981,18.814,1888,259,5,0,0
3376,33509.682,17.701,1888,259,5,0,0
3377,33528.055,18.373,1888,259,5,0,0
3378,33558.424,30.369,1888,259,5,0,0
3379,33562.460,4.036,1888,259,5,0,0
3380,33581.853,19.393,1888,259,5,0,0
3381,33612.176,30.323,1888,259,5,0,0
3382,33616.421,4.245,1888,259,5,0,0
3383,33633.813,17.392,1888,259,5,0,0
3384,33651.417,17.604,1888,259,5,0,0
3385,33669.905,18.488,1888,259,5,0,0
3386,33687.323,17.418,1888,259,5,0,0
3387,33705.576,18.253,1888,259,5,0,0
3388,33721.975,16.399,1888,259,5,0,0
3389,33741.209,19.235,1888,259,5,0,0
3390,33758.134,16.924,1888,259,5,0,0
3391,33775.748,17.615,1888,259,5,0,0
3392,33793.566,17.818,1888,259,5,0,0
3393,33810.733,17.167,1888,259,5,0,0
3394,33828.230,17.497,1888,259,5,0,0
3395,33860.139,31.909,1888,259,5,0,0
3396,33863.815,3.676,1888,259,5,0,0
3397,33881.696,17.881,1888,259,5,0,0
3398,33898.693,16.997,1888,259,5,0,0
3399,33917.240,18.547,1888,259,5,0,0
3400,33947.324,30.084,1888,259,5,0,0
3401,33951.431,4.107,1888,259,5,0,0
3402,33969.743,18.312,1888,259,5,0,0
3403,33986.440,16.697,1888,259,5,0,0
3404,34003.948,17.509,1888,259,5,0,0
3405,34020.813,16.865,1888,259,5,0,0
3406,34038.371,17.558,1888,259,5,0,0
3407,34055.533,17.162,1888,259,5,0,0
3408,34072.781,17.249,1888,259,5,0,0
3409,34090.479,17.698,1888,259,5,0,0
3410,34109.022,18.543,1888,259,5,0,0
3411,34125.427,16.405,1888,259,5,0,0
3412,34142.904,17.477,1888,259,5,0,0
3413,34160.265,17.361,1888,259,5,0,0
3414,34177.766,17.501,1888,259,5,0,0
3415,34194.173,16.407,1888,259,5,0,0
3416,34211.794,17.621,1888,259,5,0,0
3417,34229.950,18.156,1888,259,5,0,0
3418,34247.971,18.021,1888,259,5,0,0
3419,34263.990,16.019,1888,259,5,0,0
3420,34281.948,17.958,1888,259,5,0,0
3421,34297.886,15.938,1888,259,5,0,0
3422,34315.957,18.071,1888,259,5,0,0
3423,34332.884,16.927,1888,259,5,0,0
3424,34349.943,17.059,1888,259,5,0,0
3425,34366.993,17.050,1888,259,5,0,0
3426,34384.651,17.657,1888,259,5,0,0
3427,34400.556,15.906,1888,259,5,0,0
3428,34418.454,17.898,1888,259,5,0,0
3429,34434.670,16.215,1888,259,5,0,0
3430,34452.633,17.964,1888,259,5,0,0
3431,34481.921,29.288,1888,259,5,0,0
3432,34485.872,3.951,1888,259,5,0,0
3433,34504.604,18.733,1888,259,5,0,0
3434,34520.353,15.749,1888,259,5,0,0
3435,34539.089,18.736,1888,259,5,0,0
3436,34558.092,19.003,1888,259,5,0,0
3437,34574.287,16.195,1888,259,5,0,0
3438,34590.788,16.501,1888,259,5,0,0
3439,34608.017,17.229,1888,259,5,0,0
3440,34626.222,18.205,1888,259,5,0,0
3441,34643.782,17.560,1888,259,5,0,0
3442,34659.828,16.047,1888,259,5,0,0
3443,34678.314,18.485,1888,259,5,0,0
3444,34695.289,16.975,1888,259,5,0,0
3445,34712.217,16.928,1888,259,5,0,0
3446,34729.946,17.729,1888,259,5,0,0
3447,34747.708,17.762,1888,259,5,0,0
3448,34765.166,17.458,1888,259,5,0,0
3449,34782.738,17.572,1888,259,5,0,0
3450,34800.635,17.897,1888,259,5,0,0
3451,34817.859,17.225,1888,259,5,0,0
3452,34835.701,17.841,1888,259,5,0,0
3453,34865.608,29.908,1888,259,5,0,0
3454,34869.993,4.384,1888,259,5,0,0
3455,34888.005,18.013,1888,259,5,0,0
3456,34905.389,17.383,1888,259,5,0,0
3457,34923.171,17.782,1888,259,5,0,0
3458,34940.337,17.167,1888,259,5,0,0
3459,34957.504,17.166,1888,259,5,0,0
3460,34976.506,19.002,1888,259,5,0,0
3461,34993.814,17.308,1888,259,5,0,0
3462,35010.767,16.953,1888,259,5,0,0
3463,35028.530,17.763,1888,259,5,0,0
3464,35045.557,17.027,1888,259,5,0,0
3465,35064.031,18.474,1888,259,5,0,0
3466,35082.277,18.246,1888,259,5,0,0
3467,35098.044,15.767,1888,259,5,0,0
3468,35115.380,17.335,1888,259,5,0,0
3469,35132.957,17.578,1888,259,5,0,0
3470,35162.819,29.861,1888,259,5,0,0
3471,35167.932,5.113,1888,259,5,0,0
3472,35186.289,18.357,1888,259,5,0,1
3473,35210.020,23.732,1888,259,5,0,0
3474,35216.592,6.572,1888,259,5,0,0
3475,35229.576,12.983,1888,259,5,0,0
3476,35244.118,14.542,1888,259,5,0,0
3477,35260.640,16.522,1888,259,5,0,0
3478,35275.215,14.575,1888,259,5,0,0
3479,35290.521,15.306,1888,259,5,0,0
3480,35305.016,14.495,1888,259,5,0,0
3481,35320.357,15.342,1888,259,5,0,0
3482,35335.927,15.570,1888,259,5,0,0
3483,35350.435,14.508,1888,259,5,0,0
3484,35365.956,15.521,1888,259,5,0,0
3485,35389.908,23.952,1888,259,5,0,0
3486,35395.004,5.096,1888,259,5,0,0
3487,35409.346,14.343,1888,259,5,0,0
3488,35426.080,16.734,1888,259,5,0,0
3489,35442.379,16.298,1888,259,5,0,0
3490,35457.034,14.655,1888,259,5,0,0
3491,35473.798,16.765,1888,259,5,0,0
3492,35490.088,16.290,1888,259,5,0,0
3493,35505.724,15.635,1888,259,5,0,0
3494,35522.882,17.159,1888,259,5,0,0
3495,35537.653,14.771,1888,259,5,0,0
3496,35553.593,15.939,1888,259,5,0,0
3497,35569.032,15.439,1888,259,5,0,0
3498,35584.060,15.028,1888,259,5,0,0
3499,35598.694,14.634,1888,259,5,0,0
3500,35616.435,17.741,1888,259,5,0,0
3501,35631.890,15.455,1888,259,5,0,0
3502,35646.317,14.427,1888,259,5,0,0
3503,35662.527,16.210,1888,259,5,0,0
3504,35679.491,16.964,1888,259,5,0,0
3505,35698.033,18.542,1888,259,5,0,0
3506,35713.236,15.203,1888,259,5,0,0
3507,35729.097,15.861,1888,259,5,0,0
3508,35745.683,16.586,1888,259,5,0,0
3509,35763.294,17.611,1888,259,5,0,0
3510,35790.154,26.860,1888,259,5,0,0
3511,35796.250,6.096,1888,259,5,0,0
3512,35812.523,16.272,1888,259,5,0,0
3513,35829.663,17.140,1888,259,5,0,0
3514,35847.549,17.886,1888,259,5,0,0
3515,35863.919,16.370,1888,259,5,0,0
3516,35881.233,17.315,1888,259,5,0,0
3517,35897.827,16.593,1888,259,5,0,0
3518,35914.000,16.173,1888,259,5,0,0
3519,35931.399,17.399,1888,259,5,0,0
3520,35947.819,16.420,1888,259,5,0,0
3521,35964.535,16.716,1888,259,5,0,0
3522,35981.151,16.616,1888,259,5,0,0
3523,35997.730,16.579,1888,259,5,0,0
3524,36015.632,17.902,1888,259,5,0,0
3525,36031.800,16.168,1888,259,5,0,0
3526,36048.572,16.772,1888,259,5,0,0
3527,36065.227,16.655,1888,259,5,0,0
3528,36081.932,16.705,1888,259,5,0,0
3529,36100.321,18.388,1888,259,5,0,0
3530,36115.935,15.615,1888,259,5,0,0
3531,36133.115,17.180,1888,259,5,0,0
3532,36149.721,16.606,1888,259,5,0,0
3533,36165.627,15.907,1888,259,5,0,0
3534,36182.707,17.079,1888,259,5,0,0
3535,36200.307,17.600,1888,259,5,0,0
3536,36216.594,16.288,1888,259,5,0,0
3537,36243.178,26.584,1888,259,5,0,0
3538,36250.662,7.484,1888,259,5,0,0
3539,36276.136,25.474,1888,259,5,0,0
3540,36283.933,7.797,1888,259,5,0,0
3541,36299.672,15.739,1888,259,5,0,0
3542,36316.868,17.195,1888,259,5,0,0
3543,36333.861,16.993,1888,259,5,0,0
3544,36350.106,16.245,1888,259,5,0,0
3545,36366.645,16.539,1888,259,5,0,0
3546,36382.260,15.616,1888,259,5,0,0
3547,36397.365,15.105,1888,259,5,0,0
3548,36413.505,16.140,1888,259,5,0,0
3549,36431.270,17.764,1888,259,5,0,0
3550,36447.415,16.145,1888,259,5,0,0
3551,36472.368,24.953,1888,259,5,0,0
3552,36479.669,7.301,1888,259,5,0,0
3553,36495.345,15.677,1888,259,5,0,0
3554,36511.017,15.671,1888,259,5,0,0
3555,36536.788,25.771,1888,259,5,0,0
3556,36544.175,7.387,1888,259,5,0,0
3557,36560.240,16.065,1888,259,5,0,0
3558,36575.861,15.621,1888,259,5,0,0
3559,36592.059,16.197,1888,259,5,0,0
3560,36607.543,15.485,1888,259,5,0,0
3561,36623.479,15.936,1888,259,5,0,0
3562,36641.094,17.615,1888,259,5,0,0
3563,36655.334,14.240,1888,259,5,0,0
3564,36672.711,17.377,1888,259,5,0,0
3565,36688.408,15.697,1888,259,5,0,0
3566,36704.293,15.885,1888,259,5,0,0
3567,36719.283,14.990,1888,259,5,0,0
3568,36734.386,15.103,1888,259,5,0,0
3569,36750.204,15.818,1888,259,5,0,0
3570,36766.400,16.196,1888,259,5,0,0
3571,36781.364,14.964,1888,259,5,0,0
3572,36799.294,17.930,1888,259,5,0,0
3573,36813.327,14.032,1888,259,5,0,0
3574,36828.941,15.614,1888,259,5,0,0
3575,36845.452,16.511,1888,259,5,0,0
3576,36861.506,16.054,1888,259,5,0,0
3577,36876.433,14.927,1888,259,5,0,0
3578,36892.198,15.764,1888,259,5,0,0
3579,36908.370,16.172,1888,259,5,0,0
3580,36924.211,15.841,1888,259,5,0,0
3581,36938.359,14.148,1888,259,5,0,0
3582,36954.162,15.803,1888,259,5,0,0
3583,36969.488,15.326,1888,259,5,0,0
3584,36985.344,15.856,1888,259,5,0,0
3585,37001.117,15.773,1888,259,5,0,0
3586,37016.624,15.507,1888,259,5,0,0
3587,37032.341,15.717,1888,259,5,0,0
3588,37050.022,17.681,1888,259,5,0,0
3589,37064.270,14.248,1888,259,5,0,0
3590,37089.219,24.949,1888,259,5,0,0
3591,37096.206,6.987,1888,259,5,0,0
3592,37111.096,14.890,1888,259,5,0,0
3593,37125.019,13.924,1888,259,5,0,0
3594,37141.325,16.306,1888,259,5,0,0
3595,37157.654,16.328,1888,259,5,0,0
3596,37173.863,16.210,1888,259,5,0,0
3597,37190.341,16.478,1888,259,5,0,0
3598,37206.603,16.261,1888,259,5,0,0
3599,37220.933,14.330,1888,259,5,0,0
3600,37238.048,17.115,1888,259,5,0,0
3601,37254.296,16.248,1888,259,5,0,0
3602,37270.746,16.451,1888,259,5,0,0
3603,37285.914,15.167,1888,259,5,0,0
3604,37303.588,17.674,1888,259,5,0,0
3605,37319.871,16.284,1888,259,5,0,0
3606,37335.504,15.633,1888,259,5,0,0
3607,37350.907,15.403,1888,259,5,0,0
3608,37368.063,17.156,1888,259,5,0,0
3609,37394.548,26.485,1888,259,5,0,0
3610,37401.874,7.326,1888,259,5,0,0
3611,37425.473,23.599,1888,259,5,0,0
3612,37504.056,78.583,1888,259,5,0,0
3613,37511.479,7.423,1888,259,5,0,0
